#ifdef __has_include
    #if __has_include("lvgl.h")
        #ifndef LV_LVGL_H_INCLUDE_SIMPLE
            #define LV_LVGL_H_INCLUDE_SIMPLE
        #endif
    #endif
#endif

#if defined(LV_LVGL_H_INCLUDE_SIMPLE)
    #include "lvgl.h"
#else
    #include "lvgl/lvgl.h"
#endif


#ifndef LV_ATTRIBUTE_MEM_ALIGN
#define LV_ATTRIBUTE_MEM_ALIGN
#endif

#ifndef LV_ATTRIBUTE_IMG_MESSAGEFIREEVACUATIONHOREN
#define LV_ATTRIBUTE_IMG_MESSAGEFIREEVACUATIONHOREN
#endif

const LV_ATTRIBUTE_MEM_ALIGN LV_ATTRIBUTE_LARGE_CONST LV_ATTRIBUTE_IMG_MESSAGEFIREEVACUATIONHOREN uint8_t messageFireEvacuationHorEn_map[] = {
    0x89, 0x50, 0x4e, 0x47, 0x0d, 0x0a, 0x1a, 0x0a, 0x00, 0x00, 0x00, 0x0d, 0x49, 
    0x48, 0x44, 0x52, 0x00, 0x00, 0x01, 0xe0, 0x00, 0x00, 0x03, 0x20, 0x08, 0x06, 
    0x00, 0x00, 0x00, 0xfb, 0xa3, 0xb1, 0x08, 0x00, 0x00, 0x00, 0x04, 0x67, 0x41, 
    0x4d, 0x41, 0x00, 0x00, 0xb1, 0x8f, 0x0b, 0xfc, 0x61, 0x05, 0x00, 0x00, 0x0a, 
    0x49, 0x69, 0x43, 0x43, 0x50, 0x73, 0x52, 0x47, 0x42, 0x20, 0x49, 0x45, 0x43, 
    0x36, 0x31, 0x39, 0x36, 0x36, 0x2d, 0x32, 0x2e, 0x31, 0x00, 0x00, 0x48, 0x89, 
    0x9d, 0x53, 0x77, 0x58, 0x93, 0xf7, 0x16, 0x3e, 0xdf, 0xf7, 0x65, 0x0f, 0x56, 
    0x42, 0xd8, 0xf0, 0xb1, 0x97, 0x6c, 0x81, 0x00, 0x22, 0x23, 0xac, 0x08, 0xc8, 
    0x10, 0x59, 0xa2, 0x10, 0x92, 0x00, 0x61, 0x84, 0x10, 0x12, 0x40, 0xc5, 0x85, 
    0x88, 0x0a, 0x56, 0x14, 0x15, 0x11, 0x9c, 0x48, 0x55, 0xc4, 0x82, 0xd5, 0x0a, 
    0x48, 0x9d, 0x88, 0xe2, 0xa0, 0x28, 0xb8, 0x67, 0x41, 0x8a, 0x88, 0x5a, 0x8b, 
    0x55, 0x5c, 0x38, 0xee, 0x1f, 0xdc, 0xa7, 0xb5, 0x7d, 0x7a, 0xef, 0xed, 0xed, 
    0xfb, 0xd7, 0xfb, 0xbc, 0xe7, 0x9c, 0xe7, 0xfc, 0xce, 0x79, 0xcf, 0x0f, 0x80, 
    0x11, 0x12, 0x26, 0x91, 0xe6, 0xa2, 0x6a, 0x00, 0x39, 0x52, 0x85, 0x3c, 0x3a, 
    0xd8, 0x1f, 0x8f, 0x4f, 0x48, 0xc4, 0xc9, 0xbd, 0x80, 0x02, 0x15, 0x48, 0xe0, 
    0x04, 0x20, 0x10, 0xe6, 0xcb, 0xc2, 0x67, 0x05, 0xc5, 0x00, 0x00, 0xf0, 0x03, 
    0x79, 0x78, 0x7e, 0x74, 0xb0, 0x3f, 0xfc, 0x01, 0xaf, 0x6f, 0x00, 0x02, 0x00, 
    0x70, 0xd5, 0x2e, 0x24, 0x12, 0xc7, 0xe1, 0xff, 0x83, 0xba, 0x50, 0x26, 0x57, 
    0x00, 0x20, 0x91, 0x00, 0xe0, 0x22, 0x12, 0xe7, 0x0b, 0x01, 0x90, 0x52, 0x00, 
    0xc8, 0x2e, 0x54, 0xc8, 0x14, 0x00, 0xc8, 0x18, 0x00, 0xb0, 0x53, 0xb3, 0x64, 
    0x0a, 0x00, 0x94, 0x00, 0x00, 0x6c, 0x79, 0x7c, 0x42, 0x22, 0x00, 0xaa, 0x0d, 
    0x00, 0xec, 0xf4, 0x49, 0x3e, 0x05, 0x00, 0xd8, 0xa9, 0x93, 0xdc, 0x17, 0x00, 
    0xd8, 0xa2, 0x1c, 0xa9, 0x08, 0x00, 0x8d, 0x01, 0x00, 0x99, 0x28, 0x47, 0x24, 
    0x02, 0x40, 0xbb, 0x00, 0x60, 0x55, 0x81, 0x52, 0x2c, 0x02, 0xc0, 0xc2, 0x00, 
    0xa0, 0xac, 0x40, 0x22, 0x2e, 0x04, 0xc0, 0xae, 0x01, 0x80, 0x59, 0xb6, 0x32, 
    0x47, 0x02, 0x80, 0xbd, 0x05, 0x00, 0x76, 0x8e, 0x58, 0x90, 0x0f, 0x40, 0x60, 
    0x00, 0x80, 0x99, 0x42, 0x2c, 0xcc, 0x00, 0x20, 0x38, 0x02, 0x00, 0x43, 0x1e, 
    0x13, 0xcd, 0x03, 0x20, 0x4c, 0x03, 0xa0, 0x30, 0xd2, 0xbf, 0xe0, 0xa9, 0x5f, 
    0x70, 0x85, 0xb8, 0x48, 0x01, 0x00, 0xc0, 0xcb, 0x95, 0xcd, 0x97, 0x4b, 0xd2, 
    0x33, 0x14, 0xb8, 0x95, 0xd0, 0x1a, 0x77, 0xf2, 0xf0, 0xe0, 0xe2, 0x21, 0xe2, 
    0xc2, 0x6c, 0xb1, 0x42, 0x61, 0x17, 0x29, 0x10, 0x66, 0x09, 0xe4, 0x22, 0x9c, 
    0x97, 0x9b, 0x23, 0x13, 0x48, 0xe7, 0x03, 0x4c, 0xce, 0x0c, 0x00, 0x00, 0x1a, 
    0xf9, 0xd1, 0xc1, 0xfe, 0x38, 0x3f, 0x90, 0xe7, 0xe6, 0xe4, 0xe1, 0xe6, 0x66, 
    0xe7, 0x6c, 0xef, 0xf4, 0xc5, 0xa2, 0xfe, 0x6b, 0xf0, 0x6f, 0x22, 0x3e, 0x21, 
    0xf1, 0xdf, 0xfe, 0xbc, 0x8c, 0x02, 0x04, 0x00, 0x10, 0x4e, 0xcf, 0xef, 0xda, 
    0x5f, 0xe5, 0xe5, 0xd6, 0x03, 0x70, 0xc7, 0x01, 0xb0, 0x75, 0xbf, 0x6b, 0xa9, 
    0x5b, 0x00, 0xda, 0x56, 0x00, 0x68, 0xdf, 0xf9, 0x5d, 0x33, 0xdb, 0x09, 0xa0, 
    0x5a, 0x0a, 0xd0, 0x7a, 0xf9, 0x8b, 0x79, 0x38, 0xfc, 0x40, 0x1e, 0x9e, 0xa1, 
    0x50, 0xc8, 0x3c, 0x1d, 0x1c, 0x0a, 0x0b, 0x0b, 0xed, 0x25, 0x62, 0xa1, 0xbd, 
    0x30, 0xe3, 0x8b, 0x3e, 0xff, 0x33, 0xe1, 0x6f, 0xe0, 0x8b, 0x7e, 0xf6, 0xfc, 
    0x40, 0x1e, 0xfe, 0xdb, 0x7a, 0xf0, 0x00, 0x71, 0x9a, 0x40, 0x99, 0xad, 0xc0, 
    0xa3, 0x83, 0xfd, 0x71, 0x61, 0x6e, 0x76, 0xae, 0x52, 0x8e, 0xe7, 0xcb, 0x04, 
    0x42, 0x31, 0x6e, 0xf7, 0xe7, 0x23, 0xfe, 0xc7, 0x85, 0x7f, 0xfd, 0x8e, 0x29, 
    0xd1, 0xe2, 0x34, 0xb1, 0x5c, 0x2c, 0x15, 0x8a, 0xf1, 0x58, 0x89, 0xb8, 0x50, 
    0x22, 0x4d, 0xc7, 0x79, 0xb9, 0x52, 0x91, 0x44, 0x21, 0xc9, 0x95, 0xe2, 0x12, 
    0xe9, 0x7f, 0x32, 0xf1, 0x1f, 0x96, 0xfd, 0x09, 0x93, 0x77, 0x0d, 0x00, 0xac, 
    0x86, 0x4f, 0xc0, 0x4e, 0xb6, 0x07, 0xb5, 0xcb, 0x6c, 0xc0, 0x7e, 0xee, 0x01, 
    0x02, 0x8b, 0x0e, 0x58, 0xd2, 0x76, 0x00, 0x40, 0x7e, 0xf3, 0x2d, 0x8c, 0x1a, 
    0x0b, 0x91, 0x00, 0x10, 0x67, 0x34, 0x32, 0x79, 0xf7, 0x00, 0x00, 0x93, 0xbf, 
    0xf9, 0x8f, 0x40, 0x2b, 0x01, 0x00, 0xcd, 0x97, 0xa4, 0xe3, 0x00, 0x00, 0xbc, 
    0xe8, 0x18, 0x5c, 0xa8, 0x94, 0x17, 0x4c, 0xc6, 0x08, 0x00, 0x00, 0x44, 0xa0, 
    0x81, 0x2a, 0xb0, 0x41, 0x07, 0x0c, 0xc1, 0x14, 0xac, 0xc0, 0x0e, 0x9c, 0xc1, 
    0x1d, 0xbc, 0xc0, 0x17, 0x02, 0x61, 0x06, 0x44, 0x40, 0x0c, 0x24, 0xc0, 0x3c, 
    0x10, 0x42, 0x06, 0xe4, 0x80, 0x1c, 0x0a, 0xa1, 0x18, 0x96, 0x41, 0x19, 0x54, 
    0xc0, 0x3a, 0xd8, 0x04, 0xb5, 0xb0, 0x03, 0x1a, 0xa0, 0x11, 0x9a, 0xe1, 0x10, 
    0xb4, 0xc1, 0x31, 0x38, 0x0d, 0xe7, 0xe0, 0x12, 0x5c, 0x81, 0xeb, 0x70, 0x17, 
    0x06, 0x60, 0x18, 0x9e, 0xc2, 0x18, 0xbc, 0x86, 0x09, 0x04, 0x41, 0xc8, 0x08, 
    0x13, 0x61, 0x21, 0x3a, 0x88, 0x11, 0x62, 0x8e, 0xd8, 0x22, 0xce, 0x08, 0x17, 
    0x99, 0x8e, 0x04, 0x22, 0x61, 0x48, 0x34, 0x92, 0x80, 0xa4, 0x20, 0xe9, 0x88, 
    0x14, 0x51, 0x22, 0xc5, 0xc8, 0x72, 0xa4, 0x02, 0xa9, 0x42, 0x6a, 0x91, 0x5d, 
    0x48, 0x23, 0xf2, 0x2d, 0x72, 0x14, 0x39, 0x8d, 0x5c, 0x40, 0xfa, 0x90, 0xdb, 
    0xc8, 0x20, 0x32, 0x8a, 0xfc, 0x8a, 0xbc, 0x47, 0x31, 0x94, 0x81, 0xb2, 0x51, 
    0x03, 0xd4, 0x02, 0x75, 0x40, 0xb9, 0xa8, 0x1f, 0x1a, 0x8a, 0xc6, 0xa0, 0x73, 
    0xd1, 0x74, 0x34, 0x0f, 0x5d, 0x80, 0x96, 0xa2, 0x6b, 0xd1, 0x1a, 0xb4, 0x1e, 
    0x3d, 0x80, 0xb6, 0xa2, 0xa7, 0xd1, 0x4b, 0xe8, 0x75, 0x74, 0x00, 0x7d, 0x8a, 
    0x8e, 0x63, 0x80, 0xd1, 0x31, 0x0e, 0x66, 0x8c, 0xd9, 0x61, 0x5c, 0x8c, 0x87, 
    0x45, 0x60, 0x89, 0x58, 0x1a, 0x26, 0xc7, 0x16, 0x63, 0xe5, 0x58, 0x35, 0x56, 
    0x8f, 0x35, 0x63, 0x1d, 0x58, 0x37, 0x76, 0x15, 0x1b, 0xc0, 0x9e, 0x61, 0xef, 
    0x08, 0x24, 0x02, 0x8b, 0x80, 0x13, 0xec, 0x08, 0x5e, 0x84, 0x10, 0xc2, 0x6c, 
    0x82, 0x90, 0x90, 0x47, 0x58, 0x4c, 0x58, 0x43, 0xa8, 0x25, 0xec, 0x23, 0xb4, 
    0x12, 0xba, 0x08, 0x57, 0x09, 0x83, 0x84, 0x31, 0xc2, 0x27, 0x22, 0x93, 0xa8, 
    0x4f, 0xb4, 0x25, 0x7a, 0x12, 0xf9, 0xc4, 0x78, 0x62, 0x3a, 0xb1, 0x90, 0x58, 
    0x46, 0xac, 0x26, 0xee, 0x21, 0x1e, 0x21, 0x9e, 0x25, 0x5e, 0x27, 0x0e, 0x13, 
    0x5f, 0x93, 0x48, 0x24, 0x0e, 0xc9, 0x92, 0xe4, 0x4e, 0x0a, 0x21, 0x25, 0x90, 
    0x32, 0x49, 0x0b, 0x49, 0x6b, 0x48, 0xdb, 0x48, 0x2d, 0xa4, 0x53, 0xa4, 0x3e, 
    0xd2, 0x10, 0x69, 0x9c, 0x4c, 0x26, 0xeb, 0x90, 0x6d, 0xc9, 0xde, 0xe4, 0x08, 
    0xb2, 0x80, 0xac, 0x20, 0x97, 0x91, 0xb7, 0x90, 0x0f, 0x90, 0x4f, 0x92, 0xfb, 
    0xc9, 0xc3, 0xe4, 0xb7, 0x14, 0x3a, 0xc5, 0x88, 0xe2, 0x4c, 0x09, 0xa2, 0x24, 
    0x52, 0xa4, 0x94, 0x12, 0x4a, 0x35, 0x65, 0x3f, 0xe5, 0x04, 0xa5, 0x9f, 0x32, 
    0x42, 0x99, 0xa0, 0xaa, 0x51, 0xcd, 0xa9, 0x9e, 0xd4, 0x08, 0xaa, 0x88, 0x3a, 
    0x9f, 0x5a, 0x49, 0x6d, 0xa0, 0x76, 0x50, 0x2f, 0x53, 0x87, 0xa9, 0x13, 0x34, 
    0x75, 0x9a, 0x25, 0xcd, 0x9b, 0x16, 0x43, 0xcb, 0xa4, 0x2d, 0xa3, 0xd5, 0xd0, 
    0x9a, 0x69, 0x67, 0x69, 0xf7, 0x68, 0x2f, 0xe9, 0x74, 0xba, 0x09, 0xdd, 0x83, 
    0x1e, 0x45, 0x97, 0xd0, 0x97, 0xd2, 0x6b, 0xe8, 0x07, 0xe9, 0xe7, 0xe9, 0x83, 
    0xf4, 0x77, 0x0c, 0x0d, 0x86, 0x0d, 0x83, 0xc7, 0x48, 0x62, 0x28, 0x19, 0x6b, 
    0x19, 0x7b, 0x19, 0xa7, 0x18, 0xb7, 0x19, 0x2f, 0x99, 0x4c, 0xa6, 0x05, 0xd3, 
    0x97, 0x99, 0xc8, 0x54, 0x30, 0xd7, 0x32, 0x1b, 0x99, 0x67, 0x98, 0x0f, 0x98, 
    0x6f, 0x55, 0x58, 0x2a, 0xf6, 0x2a, 0x7c, 0x15, 0x91, 0xca, 0x12, 0x95, 0x3a, 
    0x95, 0x56, 0x95, 0x7e, 0x95, 0xe7, 0xaa, 0x54, 0x55, 0x73, 0x55, 0x3f, 0xd5, 
    0x79, 0xaa, 0x0b, 0x54, 0xab, 0x55, 0x0f, 0xab, 0x5e, 0x56, 0x7d, 0xa6, 0x46, 
    0x55, 0xb3, 0x50, 0xe3, 0xa9, 0x09, 0xd4, 0x16, 0xab, 0xd5, 0xa9, 0x1d, 0x55, 
    0xbb, 0xa9, 0x36, 0xae, 0xce, 0x52, 0x77, 0x52, 0x8f, 0x50, 0xcf, 0x51, 0x5f, 
    0xa3, 0xbe, 0x5f, 0xfd, 0x82, 0xfa, 0x63, 0x0d, 0xb2, 0x86, 0x85, 0x46, 0xa0, 
    0x86, 0x48, 0xa3, 0x54, 0x63, 0xb7, 0xc6, 0x19, 0x8d, 0x21, 0x16, 0xc6, 0x32, 
    0x65, 0xf1, 0x58, 0x42, 0xd6, 0x72, 0x56, 0x03, 0xeb, 0x2c, 0x6b, 0x98, 0x4d, 
    0x62, 0x5b, 0xb2, 0xf9, 0xec, 0x4c, 0x76, 0x05, 0xfb, 0x1b, 0x76, 0x2f, 0x7b, 
    0x4c, 0x53, 0x43, 0x73, 0xaa, 0x66, 0xac, 0x66, 0x91, 0x66, 0x9d, 0xe6, 0x71, 
    0xcd, 0x01, 0x0e, 0xc6, 0xb1, 0xe0, 0xf0, 0x39, 0xd9, 0x9c, 0x4a, 0xce, 0x21, 
    0xce, 0x0d, 0xce, 0x7b, 0x2d, 0x03, 0x2d, 0x3f, 0x2d, 0xb1, 0xd6, 0x6a, 0xad, 
    0x66, 0xad, 0x7e, 0xad, 0x37, 0xda, 0x7a, 0xda, 0xbe, 0xda, 0x62, 0xed, 0x72, 
    0xed, 0x16, 0xed, 0xeb, 0xda, 0xef, 0x75, 0x70, 0x9d, 0x40, 0x9d, 0x2c, 0x9d, 
    0xf5, 0x3a, 0x6d, 0x3a, 0xf7, 0x75, 0x09, 0xba, 0x36, 0xba, 0x51, 0xba, 0x85, 
    0xba, 0xdb, 0x75, 0xcf, 0xea, 0x3e, 0xd3, 0x63, 0xeb, 0x79, 0xe9, 0x09, 0xf5, 
    0xca, 0xf5, 0x0e, 0xe9, 0xdd, 0xd1, 0x47, 0xf5, 0x6d, 0xf4, 0xa3, 0xf5, 0x17, 
    0xea, 0xef, 0xd6, 0xef, 0xd1, 0x1f, 0x37, 0x30, 0x34, 0x08, 0x36, 0x90, 0x19, 
    0x6c, 0x31, 0x38, 0x63, 0xf0, 0xcc, 0x90, 0x63, 0xe8, 0x6b, 0x98, 0x69, 0xb8, 
    0xd1, 0xf0, 0x84, 0xe1, 0xa8, 0x11, 0xcb, 0x68, 0xba, 0x91, 0xc4, 0x68, 0xa3, 
    0xd1, 0x49, 0xa3, 0x27, 0xb8, 0x26, 0xee, 0x87, 0x67, 0xe3, 0x35, 0x78, 0x17, 
    0x3e, 0x66, 0xac, 0x6f, 0x1c, 0x62, 0xac, 0x34, 0xde, 0x65, 0xdc, 0x6b, 0x3c, 
    0x61, 0x62, 0x69, 0x32, 0xdb, 0xa4, 0xc4, 0xa4, 0xc5, 0xe4, 0xbe, 0x29, 0xcd, 
    0x94, 0x6b, 0x9a, 0x66, 0xba, 0xd1, 0xb4, 0xd3, 0x74, 0xcc, 0xcc, 0xc8, 0x2c, 
    0xdc, 0xac, 0xd8, 0xac, 0xc9, 0xec, 0x8e, 0x39, 0xd5, 0x9c, 0x6b, 0x9e, 0x61, 
    0xbe, 0xd9, 0xbc, 0xdb, 0xfc, 0x8d, 0x85, 0xa5, 0x45, 0x9c, 0xc5, 0x4a, 0x8b, 
    0x36, 0x8b, 0xc7, 0x96, 0xda, 0x96, 0x7c, 0xcb, 0x05, 0x96, 0x4d, 0x96, 0xf7, 
    0xac, 0x98, 0x56, 0x3e, 0x56, 0x79, 0x56, 0xf5, 0x56, 0xd7, 0xac, 0x49, 0xd6, 
    0x5c, 0xeb, 0x2c, 0xeb, 0x6d, 0xd6, 0x57, 0x6c, 0x50, 0x1b, 0x57, 0x9b, 0x0c, 
    0x9b, 0x3a, 0x9b, 0xcb, 0xb6, 0xa8, 0xad, 0x9b, 0xad, 0xc4, 0x76, 0x9b, 0x6d, 
    0xdf, 0x14, 0xe2, 0x14, 0x8f, 0x29, 0xd2, 0x29, 0xf5, 0x53, 0x6e, 0xda, 0x31, 
    0xec, 0xfc, 0xec, 0x0a, 0xec, 0x9a, 0xec, 0x06, 0xed, 0x39, 0xf6, 0x61, 0xf6, 
    0x25, 0xf6, 0x6d, 0xf6, 0xcf, 0x1d, 0xcc, 0x1c, 0x12, 0x1d, 0xd6, 0x3b, 0x74, 
    0x3b, 0x7c, 0x72, 0x74, 0x75, 0xcc, 0x76, 0x6c, 0x70, 0xbc, 0xeb, 0xa4, 0xe1, 
    0x34, 0xc3, 0xa9, 0xc4, 0xa9, 0xc3, 0xe9, 0x57, 0x67, 0x1b, 0x67, 0xa1, 0x73, 
    0x9d, 0xf3, 0x35, 0x17, 0xa6, 0x4b, 0x90, 0xcb, 0x12, 0x97, 0x76, 0x97, 0x17, 
    0x53, 0x6d, 0xa7, 0x8a, 0xa7, 0x6e, 0x9f, 0x7a, 0xcb, 0x95, 0xe5, 0x1a, 0xee, 
    0xba, 0xd2, 0xb5, 0xd3, 0xf5, 0xa3, 0x9b, 0xbb, 0x9b, 0xdc, 0xad, 0xd9, 0x6d, 
    0xd4, 0xdd, 0xcc, 0x3d, 0xc5, 0x7d, 0xab, 0xfb, 0x4d, 0x2e, 0x9b, 0x1b, 0xc9, 
    0x5d, 0xc3, 0x3d, 0xef, 0x41, 0xf4, 0xf0, 0xf7, 0x58, 0xe2, 0x71, 0xcc, 0xe3, 
    0x9d, 0xa7, 0x9b, 0xa7, 0xc2, 0xf3, 0x90, 0xe7, 0x2f, 0x5e, 0x76, 0x5e, 0x59, 
    0x5e, 0xfb, 0xbd, 0x1e, 0x4f, 0xb3, 0x9c, 0x26, 0x9e, 0xd6, 0x30, 0x6d, 0xc8, 
    0xdb, 0xc4, 0x5b, 0xe0, 0xbd, 0xcb, 0x7b, 0x60, 0x3a, 0x3e, 0x3d, 0x65, 0xfa, 
    0xce, 0xe9, 0x03, 0x3e, 0xc6, 0x3e, 0x02, 0x9f, 0x7a, 0x9f, 0x87, 0xbe, 0xa6, 
    0xbe, 0x22, 0xdf, 0x3d, 0xbe, 0x23, 0x7e, 0xd6, 0x7e, 0x99, 0x7e, 0x07, 0xfc, 
    0x9e, 0xfb, 0x3b, 0xfa, 0xcb, 0xfd, 0x8f, 0xf8, 0xbf, 0xe1, 0x79, 0xf2, 0x16, 
    0xf1, 0x4e, 0x05, 0x60, 0x01, 0xc1, 0x01, 0xe5, 0x01, 0xbd, 0x81, 0x1a, 0x81, 
    0xb3, 0x03, 0x6b, 0x03, 0x1f, 0x04, 0x99, 0x04, 0xa5, 0x07, 0x35, 0x05, 0x8d, 
    0x05, 0xbb, 0x06, 0x2f, 0x0c, 0x3e, 0x15, 0x42, 0x0c, 0x09, 0x0d, 0x59, 0x1f, 
    0x72, 0x93, 0x6f, 0xc0, 0x17, 0xf2, 0x1b, 0xf9, 0x63, 0x33, 0xdc, 0x67, 0x2c, 
    0x9a, 0xd1, 0x15, 0xca, 0x08, 0x9d, 0x15, 0x5a, 0x1b, 0xfa, 0x30, 0xcc, 0x26, 
    0x4c, 0x1e, 0xd6, 0x11, 0x8e, 0x86, 0xcf, 0x08, 0xdf, 0x10, 0x7e, 0x6f, 0xa6, 
    0xf9, 0x4c, 0xe9, 0xcc, 0xb6, 0x08, 0x88, 0xe0, 0x47, 0x6c, 0x88, 0xb8, 0x1f, 
    0x69, 0x19, 0x99, 0x17, 0xf9, 0x7d, 0x14, 0x29, 0x2a, 0x32, 0xaa, 0x2e, 0xea, 
    0x51, 0xb4, 0x53, 0x74, 0x71, 0x74, 0xf7, 0x2c, 0xd6, 0xac, 0xe4, 0x59, 0xfb, 
    0x67, 0xbd, 0x8e, 0xf1, 0x8f, 0xa9, 0x8c, 0xb9, 0x3b, 0xdb, 0x6a, 0xb6, 0x72, 
    0x76, 0x67, 0xac, 0x6a, 0x6c, 0x52, 0x6c, 0x63, 0xec, 0x9b, 0xb8, 0x80, 0xb8, 
    0xaa, 0xb8, 0x81, 0x78, 0x87, 0xf8, 0x45, 0xf1, 0x97, 0x12, 0x74, 0x13, 0x24, 
    0x09, 0xed, 0x89, 0xe4, 0xc4, 0xd8, 0xc4, 0x3d, 0x89, 0xe3, 0x73, 0x02, 0xe7, 
    0x6c, 0x9a, 0x33, 0x9c, 0xe4, 0x9a, 0x54, 0x96, 0x74, 0x63, 0xae, 0xe5, 0xdc, 
    0xa2, 0xb9, 0x17, 0xe6, 0xe9, 0xce, 0xcb, 0x9e, 0x77, 0x3c, 0x59, 0x35, 0x59, 
    0x90, 0x7c, 0x38, 0x85, 0x98, 0x12, 0x97, 0xb2, 0x3f, 0xe5, 0x83, 0x20, 0x42, 
    0x50, 0x2f, 0x18, 0x4f, 0xe5, 0xa7, 0x6e, 0x4d, 0x1d, 0x13, 0xf2, 0x84, 0x9b, 
    0x85, 0x4f, 0x45, 0xbe, 0xa2, 0x8d, 0xa2, 0x51, 0xb1, 0xb7, 0xb8, 0x4a, 0x3c, 
    0x92, 0xe6, 0x9d, 0x56, 0x95, 0xf6, 0x38, 0xdd, 0x3b, 0x7d, 0x43, 0xfa, 0x68, 
    0x86, 0x4f, 0x46, 0x75, 0xc6, 0x33, 0x09, 0x4f, 0x52, 0x2b, 0x79, 0x91, 0x19, 
    0x92, 0xb9, 0x23, 0xf3, 0x4d, 0x56, 0x44, 0xd6, 0xde, 0xac, 0xcf, 0xd9, 0x71, 
    0xd9, 0x2d, 0x39, 0x94, 0x9c, 0x94, 0x9c, 0xa3, 0x52, 0x0d, 0x69, 0x96, 0xb4, 
    0x2b, 0xd7, 0x30, 0xb7, 0x28, 0xb7, 0x4f, 0x66, 0x2b, 0x2b, 0x93, 0x0d, 0xe4, 
    0x79, 0xe6, 0x6d, 0xca, 0x1b, 0x93, 0x87, 0xca, 0xf7, 0xe4, 0x23, 0xf9, 0x73, 
    0xf3, 0xdb, 0x15, 0x6c, 0x85, 0x4c, 0xd1, 0xa3, 0xb4, 0x52, 0xae, 0x50, 0x0e, 
    0x16, 0x4c, 0x2f, 0xa8, 0x2b, 0x78, 0x5b, 0x18, 0x5b, 0x78, 0xb8, 0x48, 0xbd, 
    0x48, 0x5a, 0xd4, 0x33, 0xdf, 0x66, 0xfe, 0xea, 0xf9, 0x23, 0x0b, 0x82, 0x16, 
    0x7c, 0xbd, 0x90, 0xb0, 0x50, 0xb8, 0xb0, 0xb3, 0xd8, 0xb8, 0x78, 0x59, 0xf1, 
    0xe0, 0x22, 0xbf, 0x45, 0xbb, 0x16, 0x23, 0x8b, 0x53, 0x17, 0x77, 0x2e, 0x31, 
    0x5d, 0x52, 0xba, 0x64, 0x78, 0x69, 0xf0, 0xd2, 0x7d, 0xcb, 0x68, 0xcb, 0xb2, 
    0x96, 0xfd, 0x50, 0xe2, 0x58, 0x52, 0x55, 0xf2, 0x6a, 0x79, 0xdc, 0xf2, 0x8e, 
    0x52, 0x83, 0xd2, 0xa5, 0xa5, 0x43, 0x2b, 0x82, 0x57, 0x34, 0x95, 0xa9, 0x94, 
    0xc9, 0xcb, 0x6e, 0xae, 0xf4, 0x5a, 0xb9, 0x63, 0x15, 0x61, 0x95, 0x64, 0x55, 
    0xef, 0x6a, 0x97, 0xd5, 0x5b, 0x56, 0x7f, 0x2a, 0x17, 0x95, 0x5f, 0xac, 0x70, 
    0xac, 0xa8, 0xae, 0xf8, 0xb0, 0x46, 0xb8, 0xe6, 0xe2, 0x57, 0x4e, 0x5f, 0xd5, 
    0x7c, 0xf5, 0x79, 0x6d, 0xda, 0xda, 0xde, 0x4a, 0xb7, 0xca, 0xed, 0xeb, 0x48, 
    0xeb, 0xa4, 0xeb, 0x6e, 0xac, 0xf7, 0x59, 0xbf, 0xaf, 0x4a, 0xbd, 0x6a, 0x41, 
    0xd5, 0xd0, 0x86, 0xf0, 0x0d, 0xad, 0x1b, 0xf1, 0x8d, 0xe5, 0x1b, 0x5f, 0x6d, 
    0x4a, 0xde, 0x74, 0xa1, 0x7a, 0x6a, 0xf5, 0x8e, 0xcd, 0xb4, 0xcd, 0xca, 0xcd, 
    0x03, 0x35, 0x61, 0x35, 0xed, 0x5b, 0xcc, 0xb6, 0xac, 0xdb, 0xf2, 0xa1, 0x36, 
    0xa3, 0xf6, 0x7a, 0x9d, 0x7f, 0x5d, 0xcb, 0x56, 0xfd, 0xad, 0xab, 0xb7, 0xbe, 
    0xd9, 0x26, 0xda, 0xd6, 0xbf, 0xdd, 0x77, 0x7b, 0xf3, 0x0e, 0x83, 0x1d, 0x15, 
    0x3b, 0xde, 0xef, 0x94, 0xec, 0xbc, 0xb5, 0x2b, 0x78, 0x57, 0x6b, 0xbd, 0x45, 
    0x7d, 0xf5, 0x6e, 0xd2, 0xee, 0x82, 0xdd, 0x8f, 0x1a, 0x62, 0x1b, 0xba, 0xbf, 
    0xe6, 0x7e, 0xdd, 0xb8, 0x47, 0x77, 0x4f, 0xc5, 0x9e, 0x8f, 0x7b, 0xa5, 0x7b, 
    0x07, 0xf6, 0x45, 0xef, 0xeb, 0x6a, 0x74, 0x6f, 0x6c, 0xdc, 0xaf, 0xbf, 0xbf, 
    0xb2, 0x09, 0x6d, 0x52, 0x36, 0x8d, 0x1e, 0x48, 0x3a, 0x70, 0xe5, 0x9b, 0x80, 
    0x6f, 0xda, 0x9b, 0xed, 0x9a, 0x77, 0xb5, 0x70, 0x5a, 0x2a, 0x0e, 0xc2, 0x41, 
    0xe5, 0xc1, 0x27, 0xdf, 0xa6, 0x7c, 0x7b, 0xe3, 0x50, 0xe8, 0xa1, 0xce, 0xc3, 
    0xdc, 0xc3, 0xcd, 0xdf, 0x99, 0x7f, 0xb7, 0xf5, 0x08, 0xeb, 0x48, 0x79, 0x2b, 
    0xd2, 0x3a, 0xbf, 0x75, 0xac, 0x2d, 0xa3, 0x6d, 0xa0, 0x3d, 0xa1, 0xbd, 0xef, 
    0xe8, 0x8c, 0xa3, 0x9d, 0x1d, 0x5e, 0x1d, 0x47, 0xbe, 0xb7, 0xff, 0x7e, 0xef, 
    0x31, 0xe3, 0x63, 0x75, 0xc7, 0x35, 0x8f, 0x57, 0x9e, 0xa0, 0x9d, 0x28, 0x3d, 
    0xf1, 0xf9, 0xe4, 0x82, 0x93, 0xe3, 0xa7, 0x64, 0xa7, 0x9e, 0x9d, 0x4e, 0x3f, 
    0x3d, 0xd4, 0x99, 0xdc, 0x79, 0xf7, 0x4c, 0xfc, 0x99, 0x6b, 0x5d, 0x51, 0x5d, 
    0xbd, 0x67, 0x43, 0xcf, 0x9e, 0x3f, 0x17, 0x74, 0xee, 0x4c, 0xb7, 0x5f, 0xf7, 
    0xc9, 0xf3, 0xde, 0xe7, 0x8f, 0x5d, 0xf0, 0xbc, 0x70, 0xf4, 0x22, 0xf7, 0x62, 
    0xdb, 0x25, 0xb7, 0x4b, 0xad, 0x3d, 0xae, 0x3d, 0x47, 0x7e, 0x70, 0xfd, 0xe1, 
    0x48, 0xaf, 0x5b, 0x6f, 0xeb, 0x65, 0xf7, 0xcb, 0xed, 0x57, 0x3c, 0xae, 0x74, 
    0xf4, 0x4d, 0xeb, 0x3b, 0xd1, 0xef, 0xd3, 0x7f, 0xfa, 0x6a, 0xc0, 0xd5, 0x73, 
    0xd7, 0xf8, 0xd7, 0x2e, 0x5d, 0x9f, 0x79, 0xbd, 0xef, 0xc6, 0xec, 0x1b, 0xb7, 
    0x6e, 0x26, 0xdd, 0x1c, 0xb8, 0x25, 0xba, 0xf5, 0xf8, 0x76, 0xf6, 0xed, 0x17, 
    0x77, 0x0a, 0xee, 0x4c, 0xdc, 0x5d, 0x7a, 0x8f, 0x78, 0xaf, 0xfc, 0xbe, 0xda, 
    0xfd, 0xea, 0x07, 0xfa, 0x0f, 0xea, 0x7f, 0xb4, 0xfe, 0xb1, 0x65, 0xc0, 0x6d, 
    0xe0, 0xf8, 0x60, 0xc0, 0x60, 0xcf, 0xc3, 0x59, 0x0f, 0xef, 0x0e, 0x09, 0x87, 
    0x9e, 0xfe, 0x94, 0xff, 0xd3, 0x87, 0xe1, 0xd2, 0x47, 0xcc, 0x47, 0xd5, 0x23, 
    0x46, 0x23, 0x8d, 0x8f, 0x9d, 0x1f, 0x1f, 0x1b, 0x0d, 0x1a, 0xbd, 0xf2, 0x64, 
    0xce, 0x93, 0xe1, 0xa7, 0xb2, 0xa7, 0x13, 0xcf, 0xca, 0x7e, 0x56, 0xff, 0x79, 
    0xeb, 0x73, 0xab, 0xe7, 0xdf, 0xfd, 0xe2, 0xfb, 0x4b, 0xcf, 0x58, 0xfc, 0xd8, 
    0xf0, 0x0b, 0xf9, 0x8b, 0xcf, 0xbf, 0xae, 0x79, 0xa9, 0xf3, 0x72, 0xef, 0xab, 
    0xa9, 0xaf, 0x3a, 0xc7, 0x23, 0xc7, 0x1f, 0xbc, 0xce, 0x79, 0x3d, 0xf1, 0xa6, 
    0xfc, 0xad, 0xce, 0xdb, 0x7d, 0xef, 0xb8, 0xef, 0xba, 0xdf, 0xc7, 0xbd, 0x1f, 
    0x99, 0x28, 0xfc, 0x40, 0xfe, 0x50, 0xf3, 0xd1, 0xfa, 0x63, 0xc7, 0xa7, 0xd0, 
    0x4f, 0xf7, 0x3e, 0xe7, 0x7c, 0xfe, 0xfc, 0x2f, 0xf7, 0x84, 0xf3, 0xfb, 0x2d, 
    0x47, 0x38, 0xcf, 0x00, 0x00, 0x00, 0x20, 0x63, 0x48, 0x52, 0x4d, 0x00, 0x00, 
    0x7a, 0x26, 0x00, 0x00, 0x80, 0x84, 0x00, 0x00, 0xfa, 0x00, 0x00, 0x00, 0x80, 
    0xe8, 0x00, 0x00, 0x75, 0x30, 0x00, 0x00, 0xea, 0x60, 0x00, 0x00, 0x3a, 0x98, 
    0x00, 0x00, 0x17, 0x70, 0x9c, 0xba, 0x51, 0x3c, 0x00, 0x00, 0x00, 0x09, 0x70, 
    0x48, 0x59, 0x73, 0x00, 0x00, 0x2e, 0x23, 0x00, 0x00, 0x2e, 0x23, 0x01, 0x78, 
    0xa5, 0x3f, 0x76, 0x00, 0x00, 0x37, 0xab, 0x49, 0x44, 0x41, 0x54, 0x78, 0x9c, 
    0xed, 0xdd, 0x79, 0xb8, 0x5e, 0x65, 0x7d, 0xef, 0xff, 0xf7, 0x97, 0x29, 0x41, 
    0x99, 0x07, 0x45, 0x40, 0x48, 0x21, 0x28, 0x22, 0x8a, 0x23, 0x70, 0xd0, 0x16, 
    0x87, 0xf6, 0xa7, 0x55, 0x3b, 0xa8, 0xb5, 0x6a, 0x3d, 0xce, 0xe3, 0xb1, 0xad, 
    0x43, 0xed, 0xb9, 0xea, 0x70, 0x86, 0x5e, 0xd6, 0xb6, 0x56, 0x8f, 0x63, 0x7f, 
    0xf4, 0x58, 0xa7, 0x42, 0xa9, 0xda, 0x5a, 0x69, 0xa9, 0x9e, 0xaa, 0xad, 0x03, 
    0x78, 0xa4, 0x28, 0x0e, 0x14, 0x90, 0x59, 0xa0, 0x09, 0x04, 0x08, 0x32, 0x05, 
    0x02, 0x24, 0x21, 0x09, 0xdf, 0xf3, 0xc7, 0x7a, 0x36, 0xd9, 0x09, 0x7b, 0x27, 
    0x7b, 0x5c, 0xdf, 0xb5, 0x9e, 0xf5, 0x7e, 0x5d, 0xd7, 0x73, 0xed, 0x0d, 0x84, 
    0xae, 0x4f, 0x65, 0xdf, 0xeb, 0xb3, 0xef, 0x7b, 0x0d, 0x77, 0x64, 0x26, 0x92, 
    0x24, 0xa9, 0x5d, 0x3b, 0x55, 0x07, 0x90, 0x24, 0x69, 0x88, 0x2c, 0x60, 0x49, 
    0x92, 0x0a, 0x58, 0xc0, 0x92, 0x24, 0x15, 0xb0, 0x80, 0x25, 0x49, 0x2a, 0x60, 
    0x01, 0x4b, 0x92, 0x54, 0xc0, 0x02, 0x96, 0x24, 0xa9, 0x80, 0x05, 0x2c, 0x49, 
    0x52, 0x01, 0x0b, 0x58, 0x92, 0xa4, 0x02, 0x16, 0xb0, 0x24, 0x49, 0x05, 0x2c, 
    0x60, 0x49, 0x92, 0x0a, 0x58, 0xc0, 0x92, 0x24, 0x15, 0xb0, 0x80, 0x25, 0x49, 
    0x2a, 0x60, 0x01, 0x4b, 0x92, 0x54, 0xc0, 0x02, 0x96, 0x24, 0xa9, 0x80, 0x05, 
    0x2c, 0x49, 0x52, 0x01, 0x0b, 0x58, 0x92, 0xa4, 0x02, 0x16, 0xb0, 0x24, 0x49, 
    0x05, 0x2c, 0x60, 0x49, 0x92, 0x0a, 0x58, 0xc0, 0x92, 0x24, 0x15, 0xb0, 0x80, 
    0x25, 0x49, 0x2a, 0x60, 0x01, 0x4b, 0x92, 0x54, 0xc0, 0x02, 0x96, 0x24, 0xa9, 
    0x80, 0x05, 0x2c, 0x49, 0x52, 0x01, 0x0b, 0x58, 0x92, 0xa4, 0x02, 0x16, 0xb0, 
    0x24, 0x49, 0x05, 0x2c, 0x60, 0x49, 0x92, 0x0a, 0x58, 0xc0, 0x92, 0x24, 0x15, 
    0xb0, 0x80, 0x25, 0x49, 0x2a, 0x60, 0x01, 0x4b, 0x92, 0x54, 0xc0, 0x02, 0x96, 
    0x24, 0xa9, 0x80, 0x05, 0x2c, 0x49, 0x52, 0x01, 0x0b, 0x58, 0x92, 0xa4, 0x02, 
    0x16, 0xb0, 0x24, 0x49, 0x05, 0x2c, 0x60, 0x49, 0x92, 0x0a, 0x58, 0xc0, 0x92, 
    0x24, 0x15, 0xb0, 0x80, 0x25, 0x49, 0x2a, 0x60, 0x01, 0x4b, 0x92, 0x54, 0xc0, 
    0x02, 0x96, 0x24, 0xa9, 0x80, 0x05, 0x2c, 0x49, 0x52, 0x01, 0x0b, 0x58, 0x92, 
    0xa4, 0x02, 0x16, 0xb0, 0x24, 0x49, 0x05, 0x2c, 0x60, 0x49, 0x92, 0x0a, 0x58, 
    0xc0, 0x92, 0x24, 0x15, 0xb0, 0x80, 0x25, 0x49, 0x2a, 0x60, 0x01, 0x4b, 0x92, 
    0x54, 0xc0, 0x02, 0x96, 0x24, 0xa9, 0x80, 0x05, 0x2c, 0x49, 0x52, 0x01, 0x0b, 
    0x58, 0x92, 0xa4, 0x02, 0x16, 0xb0, 0x24, 0x49, 0x05, 0x2c, 0x60, 0x49, 0x92, 
    0x0a, 0x58, 0xc0, 0x92, 0x24, 0x15, 0xb0, 0x80, 0x25, 0x49, 0x2a, 0x60, 0x01, 
    0x4b, 0x92, 0x54, 0xc0, 0x02, 0x96, 0x24, 0xa9, 0x80, 0x05, 0x2c, 0x49, 0x52, 
    0x01, 0x0b, 0x58, 0x92, 0xa4, 0x02, 0x16, 0xb0, 0x24, 0x49, 0x05, 0x2c, 0x60, 
    0x49, 0x92, 0x0a, 0x58, 0xc0, 0x92, 0x24, 0x15, 0xb0, 0x80, 0x25, 0x49, 0x2a, 
    0x60, 0x01, 0x4b, 0x92, 0x54, 0xc0, 0x02, 0x96, 0x24, 0xa9, 0x80, 0x05, 0x2c, 
    0x49, 0x52, 0x01, 0x0b, 0x58, 0x92, 0xa4, 0x02, 0x16, 0xb0, 0x24, 0x49, 0x05, 
    0x2c, 0x60, 0x49, 0x92, 0x0a, 0x58, 0xc0, 0x92, 0x24, 0x15, 0xb0, 0x80, 0x25, 
    0x49, 0x2a, 0x60, 0x01, 0x4b, 0x92, 0x54, 0xc0, 0x02, 0x96, 0x24, 0xa9, 0x80, 
    0x05, 0x2c, 0x49, 0x52, 0x01, 0x0b, 0x58, 0x92, 0xa4, 0x02, 0x16, 0xb0, 0x24, 
    0x49, 0x05, 0x2c, 0x60, 0x49, 0x92, 0x0a, 0x58, 0xc0, 0x92, 0x24, 0x15, 0xb0, 
    0x80, 0x25, 0x49, 0x2a, 0x60, 0x01, 0x4b, 0x92, 0x54, 0xc0, 0x02, 0x96, 0x24, 
    0xa9, 0x80, 0x05, 0x2c, 0x49, 0x52, 0x01, 0x0b, 0x58, 0x92, 0xa4, 0x02, 0x16, 
    0xb0, 0x24, 0x49, 0x05, 0x2c, 0x60, 0x49, 0x92, 0x0a, 0xec, 0x52, 0x1d, 0x60, 
    0x36, 0x22, 0xe2, 0x9d, 0xc0, 0xd1, 0xd5, 0x39, 0xa4, 0x79, 0xb8, 0x25, 0x33, 
    0x7f, 0xbf, 0x3a, 0x84, 0xa4, 0x7a, 0x91, 0x99, 0xd5, 0x19, 0x66, 0x2c, 0x22, 
    0xce, 0x06, 0x4e, 0xae, 0xce, 0x21, 0xcd, 0xc3, 0xca, 0xcc, 0x5c, 0x56, 0x1d, 
    0x42, 0x52, 0x3d, 0x97, 0xa0, 0x25, 0x49, 0x2a, 0x60, 0x01, 0x4b, 0x92, 0x54, 
    0xc0, 0x02, 0x96, 0x24, 0xa9, 0x80, 0x05, 0x2c, 0x49, 0x52, 0x01, 0x0b, 0x58, 
    0x92, 0xa4, 0x02, 0x16, 0xb0, 0x24, 0x49, 0x05, 0x2c, 0x60, 0x49, 0x92, 0x0a, 
    0x58, 0xc0, 0x92, 0x24, 0x15, 0xb0, 0x80, 0x25, 0x49, 0x2a, 0x60, 0x01, 0x4b, 
    0x92, 0x54, 0xc0, 0x02, 0x96, 0x24, 0xa9, 0x80, 0x05, 0x2c, 0x49, 0x52, 0x01, 
    0x0b, 0x58, 0x92, 0xa4, 0x02, 0xbd, 0xda, 0x8e, 0x10, 0xf8, 0x6f, 0xc0, 0x01, 
    0xd5, 0x21, 0x7a, 0xe2, 0x5d, 0xc0, 0xf1, 0x2d, 0x1f, 0xf3, 0xb3, 0xc0, 0x57, 
    0x5a, 0x3e, 0xe6, 0x7c, 0x1c, 0x0b, 0xfc, 0x51, 0x75, 0x08, 0x49, 0xc3, 0xd4, 
    0xab, 0x02, 0xce, 0xcc, 0x73, 0xaa, 0x33, 0xf4, 0x45, 0x44, 0xbc, 0xaa, 0xe0, 
    0xb0, 0x3f, 0xc9, 0xcc, 0x33, 0x0b, 0x8e, 0x3b, 0x27, 0x11, 0xb1, 0xa6, 0x3a, 
    0x83, 0xa4, 0xe1, 0x72, 0x09, 0x5a, 0x92, 0xa4, 0x02, 0x16, 0xb0, 0x24, 0x49, 
    0x05, 0x2c, 0x60, 0x49, 0x92, 0x0a, 0xf4, 0xea, 0x1a, 0xb0, 0xa6, 0x16, 0x11, 
    0xbb, 0x00, 0x87, 0x03, 0x8f, 0x18, 0x7d, 0x96, 0xd3, 0xfe, 0x0d, 0x58, 0x92, 
    0xa4, 0x59, 0xb0, 0x80, 0x7b, 0x22, 0x22, 0x02, 0x38, 0x94, 0xa6, 0x60, 0x8f, 
    0x9a, 0xf4, 0xf5, 0x28, 0xe0, 0x48, 0xfc, 0x6f, 0x29, 0x49, 0xbd, 0xe2, 0x49, 
    0xbb, 0x63, 0x22, 0xe2, 0x20, 0xb6, 0x14, 0xeb, 0xe4, 0x92, 0x3d, 0x0a, 0x58, 
    0x5a, 0x18, 0x4d, 0x92, 0xb4, 0x80, 0x2c, 0xe0, 0x02, 0x11, 0xb1, 0x2f, 0x4d, 
    0xa1, 0x3e, 0x92, 0x66, 0xb9, 0x78, 0xf2, 0xd2, 0xf1, 0x5e, 0x85, 0xd1, 0xe6, 
    0x2b, 0xaa, 0x03, 0xcc, 0x52, 0x45, 0xde, 0x0d, 0x05, 0xc7, 0x94, 0xd4, 0x41, 
    0x16, 0xf0, 0x22, 0x89, 0x88, 0x3d, 0x68, 0x4a, 0x76, 0x39, 0x70, 0xf4, 0xe8, 
    0xeb, 0xc4, 0xf7, 0xfb, 0x15, 0x46, 0x5b, 0x4c, 0x47, 0x57, 0x07, 0x98, 0xa5, 
    0xe3, 0x0a, 0x8e, 0x79, 0x73, 0xc1, 0x31, 0x25, 0x75, 0x50, 0x64, 0x66, 0x75, 
    0x86, 0xde, 0x8a, 0x88, 0x25, 0x34, 0xa5, 0x3a, 0x79, 0xc9, 0x78, 0x62, 0x26, 
    0x7b, 0x70, 0x61, 0xb4, 0x2a, 0x6b, 0x80, 0xe5, 0x99, 0x79, 0x6b, 0x75, 0x90, 
    0x1d, 0x89, 0x88, 0xa5, 0xc0, 0x45, 0x34, 0xff, 0xdd, 0xda, 0xf4, 0x37, 0x99, 
    0xf9, 0xf2, 0x96, 0x8f, 0x29, 0xa9, 0x83, 0x9c, 0x01, 0xef, 0xc0, 0xe8, 0x0e, 
    0xe3, 0x65, 0x4c, 0xbd, 0x5c, 0x7c, 0x38, 0xfd, 0x5b, 0x76, 0x5d, 0x4c, 0xfb, 
    0x00, 0x7f, 0x17, 0x11, 0xbf, 0x9a, 0x99, 0xf7, 0x54, 0x87, 0x99, 0xce, 0xa8, 
    0x7c, 0xff, 0x96, 0xf6, 0xcb, 0x17, 0xe0, 0xc7, 0x05, 0xc7, 0x94, 0xd4, 0x41, 
    0xce, 0x80, 0x81, 0x88, 0xd8, 0x09, 0x78, 0x38, 0x4d, 0xa9, 0x3e, 0x92, 0xad, 
    0x97, 0x8e, 0x97, 0xe1, 0x2f, 0x2a, 0xb3, 0x75, 0x11, 0xf0, 0xe6, 0xcc, 0xfc, 
    0xb7, 0xea, 0x20, 0x93, 0x8d, 0xee, 0x24, 0x7f, 0x16, 0xf0, 0x21, 0xe0, 0x98, 
    0xa2, 0x18, 0x4f, 0xcc, 0xcc, 0xf3, 0x8b, 0x8e, 0x2d, 0xa9, 0x43, 0x06, 0x55, 
    0xc0, 0xa3, 0x3b, 0x8c, 0xa7, 0x9a, 0xc9, 0x2e, 0xc7, 0x3b, 0x8c, 0x17, 0xc3, 
    0x79, 0xc0, 0x69, 0xc0, 0x37, 0x32, 0xf3, 0xaa, 0x8a, 0x00, 0x11, 0xb1, 0x3b, 
    0xcd, 0x33, 0xd1, 0x4f, 0x07, 0x5e, 0x0e, 0x1c, 0x51, 0x91, 0x63, 0xe4, 0x3a, 
    0xe0, 0xf0, 0x1c, 0xd2, 0xa0, 0x93, 0x34, 0xad, 0xb1, 0x9b, 0xd9, 0x45, 0xc4, 
    0x7e, 0x3c, 0xf0, 0x59, 0xd9, 0x89, 0xaf, 0x7b, 0x14, 0x46, 0x1b, 0xa2, 0x13, 
    0x46, 0x1f, 0x22, 0xe2, 0x36, 0xe0, 0x6a, 0xe0, 0x1a, 0x60, 0x1d, 0x70, 0xc7, 
    0x22, 0x1d, 0x73, 0x2f, 0x60, 0x37, 0x9a, 0x6b, 0xf0, 0xcb, 0x68, 0x56, 0x36, 
    0xba, 0xf2, 0x73, 0xfe, 0x19, 0xcb, 0x57, 0xd2, 0x84, 0x5e, 0xce, 0x80, 0x23, 
    0x62, 0x4f, 0x1e, 0xb8, 0x5c, 0x3c, 0xf1, 0xfd, 0xb8, 0xde, 0x61, 0xac, 0x7e, 
    0xbb, 0x1b, 0x38, 0x22, 0x33, 0x7f, 0x56, 0x1d, 0x44, 0x52, 0x37, 0x74, 0x65, 
    0x66, 0x30, 0x23, 0x11, 0x71, 0x0a, 0xf0, 0x02, 0xe0, 0xa0, 0xea, 0x2c, 0xd2, 
    0x2c, 0x7d, 0xd0, 0xf2, 0x95, 0x34, 0x59, 0xdf, 0x36, 0x63, 0x78, 0x34, 0x96, 
    0xaf, 0xfa, 0xe7, 0x62, 0xe0, 0xcf, 0xaa, 0x43, 0x48, 0xea, 0x96, 0xbe, 0x15, 
    0xb0, 0xd4, 0x37, 0x77, 0x01, 0xbf, 0x95, 0x99, 0xeb, 0xab, 0x83, 0x48, 0xea, 
    0x96, 0x5e, 0x2d, 0x41, 0x6b, 0x4e, 0x6e, 0x00, 0x2e, 0x05, 0x2e, 0x01, 0x7e, 
    0x91, 0x66, 0x15, 0x41, 0xed, 0xd8, 0x08, 0xbc, 0x38, 0x33, 0x7f, 0x52, 0x1d, 
    0x44, 0x52, 0xf7, 0x58, 0xc0, 0xe3, 0xe3, 0x3a, 0x9a, 0xa2, 0xbd, 0x94, 0x66, 
    0xc9, 0xf3, 0x32, 0xe0, 0xb2, 0xcc, 0x5c, 0x33, 0xf1, 0x07, 0x22, 0xe2, 0x40, 
    0xe0, 0x9b, 0xc0, 0x63, 0x2b, 0x02, 0x0e, 0xcc, 0x46, 0xe0, 0x37, 0x32, 0xf3, 
    0xab, 0xd5, 0x41, 0x24, 0x75, 0x93, 0x05, 0xdc, 0x2f, 0x09, 0xac, 0xa0, 0x29, 
    0xd8, 0x2b, 0x68, 0x66, 0xb5, 0x97, 0xd0, 0x14, 0xed, 0x5d, 0x3b, 0xfc, 0x97, 
    0x33, 0x6f, 0x8e, 0x88, 0xa7, 0x02, 0xa7, 0x03, 0xbf, 0xb6, 0x88, 0x39, 0x87, 
    0xee, 0x76, 0xe0, 0x05, 0x99, 0x79, 0x76, 0x75, 0x10, 0x49, 0xdd, 0x65, 0x01, 
    0x77, 0xd3, 0x7d, 0x34, 0xcf, 0xcb, 0x4e, 0x14, 0xec, 0xe5, 0x13, 0x5f, 0xe7, 
    0xfb, 0x8a, 0xc7, 0xcc, 0x5c, 0x1b, 0x11, 0xcf, 0x07, 0xde, 0x42, 0x73, 0x63, 
    0xd0, 0x92, 0x79, 0x66, 0xd5, 0xd6, 0xce, 0x05, 0x5e, 0x96, 0x99, 0x2b, 0xaa, 
    0x83, 0x48, 0xea, 0xb6, 0x5e, 0x3d, 0x07, 0x1c, 0x11, 0x67, 0x03, 0x27, 0x57, 
    0xe7, 0x58, 0x40, 0x9b, 0x80, 0x9f, 0xd2, 0x14, 0xec, 0xc5, 0x6c, 0x59, 0x42, 
    0xbe, 0x22, 0x33, 0x17, 0x7d, 0xdb, 0xba, 0x88, 0x38, 0x0a, 0xf8, 0x73, 0x9a, 
    0xd7, 0x33, 0x6a, 0x7e, 0xd6, 0x02, 0xff, 0x13, 0xf8, 0x78, 0x66, 0x6e, 0xae, 
    0x0e, 0x23, 0xa9, 0xfb, 0x9c, 0x01, 0xb7, 0x63, 0x23, 0x4d, 0xc9, 0x5e, 0x4a, 
    0x73, 0x6d, 0x76, 0xa2, 0x68, 0xaf, 0xcc, 0xcc, 0x8d, 0x55, 0xa1, 0x32, 0xf3, 
    0xa7, 0xc0, 0xb3, 0x23, 0xe2, 0xd9, 0xc0, 0x1f, 0x32, 0x7a, 0x6b, 0x95, 0x66, 
    0x65, 0x23, 0xf0, 0x69, 0xe0, 0x8f, 0x32, 0xf3, 0xc6, 0xea, 0x30, 0x92, 0xfa, 
    0xc3, 0x19, 0xf0, 0xc2, 0xda, 0xc0, 0x96, 0xe5, 0xe2, 0x89, 0x3b, 0x8f, 0x2f, 
    0x07, 0xae, 0xca, 0xcc, 0x4d, 0x95, 0xc1, 0x66, 0x22, 0x22, 0x9e, 0x09, 0xbc, 
    0x0d, 0x78, 0x2e, 0xee, 0xf2, 0xb4, 0x23, 0x77, 0x02, 0x9f, 0xa2, 0x99, 0xf1, 
    0x5e, 0x5b, 0x1d, 0x46, 0x52, 0xff, 0x58, 0xc0, 0x73, 0x73, 0x37, 0xa3, 0xbb, 
    0x8c, 0xd9, 0xfa, 0xce, 0xe3, 0x15, 0x99, 0x79, 0x5f, 0x65, 0xb0, 0x85, 0x10, 
    0x11, 0x87, 0xd2, 0x6c, 0x5c, 0xf0, 0x52, 0xe0, 0x31, 0xc5, 0x71, 0xba, 0xe4, 
    0x3e, 0xe0, 0x2c, 0x9a, 0x0d, 0x26, 0xce, 0xe8, 0xf2, 0x96, 0x8b, 0x92, 0xba, 
    0xcf, 0x02, 0xde, 0xbe, 0xb5, 0x6c, 0x29, 0xd8, 0xc9, 0x37, 0x43, 0xad, 0x1c, 
    0xca, 0x4b, 0xf5, 0x23, 0xe2, 0x48, 0xe0, 0x57, 0x68, 0x9e, 0x21, 0x7e, 0x1a, 
    0xf0, 0xe0, 0xd2, 0x40, 0xed, 0xbb, 0x15, 0xf8, 0x16, 0xf0, 0x75, 0xe0, 0xcb, 
    0x99, 0x79, 0x6b, 0x71, 0x1e, 0x49, 0x63, 0xc2, 0x02, 0x6e, 0xdc, 0xce, 0x96, 
    0xd9, 0xec, 0xfd, 0x77, 0x1e, 0x67, 0xe6, 0x75, 0x8b, 0x70, 0xac, 0xde, 0x8a, 
    0x88, 0x5d, 0x80, 0xe3, 0x68, 0xae, 0x15, 0x3f, 0x89, 0xe6, 0x79, 0xe2, 0x63, 
    0x80, 0xdd, 0x2b, 0x73, 0x2d, 0xa0, 0x75, 0x34, 0x2b, 0x19, 0x17, 0x02, 0x3f, 
    0x04, 0xfe, 0x8d, 0xe6, 0x11, 0xaf, 0xde, 0xaf, 0x6a, 0x48, 0xea, 0x9e, 0xa1, 
    0xdd, 0x84, 0x75, 0x0b, 0xa3, 0xe7, 0x66, 0x47, 0x9f, 0x8b, 0x81, 0x4b, 0x33, 
    0x73, 0x75, 0x69, 0xaa, 0x9e, 0x18, 0x5d, 0xc7, 0xfe, 0xf1, 0xe8, 0x03, 0x40, 
    0x44, 0xec, 0x0c, 0x1c, 0x4a, 0xb3, 0x23, 0xd5, 0x11, 0xa3, 0xef, 0x1f, 0x06, 
    0x1c, 0x42, 0xb3, 0x33, 0xd5, 0xc4, 0x67, 0x57, 0x9a, 0x3d, 0x97, 0xdb, 0x7e, 
    0xec, 0x69, 0x33, 0xcd, 0xeb, 0x20, 0xef, 0x03, 0x6e, 0x9b, 0xf4, 0xb9, 0x61, 
    0xf4, 0xb9, 0x0e, 0xb8, 0x6a, 0xf4, 0x59, 0xe5, 0x1d, 0xcc, 0x92, 0xda, 0x32, 
    0xae, 0x33, 0xe0, 0x9b, 0xd8, 0x72, 0x5d, 0xf6, 0x52, 0x46, 0x4b, 0xc7, 0x99, 
    0x79, 0xf3, 0xe2, 0xa5, 0xd3, 0x4c, 0x45, 0xc4, 0x4e, 0x34, 0xfb, 0xf6, 0x2e, 
    0xa6, 0xf5, 0xbe, 0x7f, 0x59, 0x52, 0x97, 0xf5, 0x7d, 0x06, 0x7c, 0x1d, 0x5b, 
    0x1e, 0xef, 0x99, 0xb8, 0xf3, 0xf8, 0xd2, 0xcc, 0xbc, 0xbd, 0x34, 0x95, 0xb6, 
    0x6b, 0xb4, 0xa4, 0xbb, 0xa6, 0x3a, 0x87, 0x24, 0x55, 0xea, 0xdb, 0x0c, 0xf8, 
    0xf5, 0x34, 0x4b, 0x8a, 0x13, 0x45, 0x7b, 0x67, 0x71, 0x24, 0x49, 0x92, 0xe6, 
    0xa4, 0x57, 0x05, 0x2c, 0x49, 0xd2, 0xb8, 0x70, 0x3f, 0x60, 0x49, 0x92, 0x0a, 
    0x58, 0xc0, 0x92, 0x24, 0x15, 0xb0, 0x80, 0x25, 0x49, 0x2a, 0x60, 0x01, 0x4b, 
    0x92, 0x54, 0xc0, 0x02, 0x96, 0x24, 0xa9, 0x80, 0x05, 0x2c, 0x49, 0x52, 0x01, 
    0x0b, 0x58, 0x92, 0xa4, 0x02, 0x16, 0xb0, 0x24, 0x49, 0x05, 0x2c, 0x60, 0x49, 
    0x92, 0x0a, 0x58, 0xc0, 0x92, 0x24, 0x15, 0xb0, 0x80, 0x25, 0x49, 0x2a, 0x60, 
    0x01, 0x4b, 0x92, 0x54, 0xa0, 0x57, 0xdb, 0x11, 0x46, 0xc4, 0x3b, 0x81, 0xa3, 
    0xab, 0x73, 0x48, 0xf3, 0x70, 0x79, 0x66, 0xbe, 0xbf, 0x3a, 0x84, 0xa4, 0x7a, 
    0xbd, 0xda, 0x0d, 0x29, 0x22, 0xce, 0x06, 0x4e, 0xae, 0xce, 0x21, 0xcd, 0xc3, 
    0x77, 0x32, 0xf3, 0x69, 0xd5, 0x21, 0x24, 0xd5, 0x73, 0x09, 0x5a, 0x92, 0xa4, 
    0x02, 0x16, 0xb0, 0x24, 0x49, 0x05, 0x2c, 0x60, 0x49, 0x92, 0x0a, 0x58, 0xc0, 
    0x92, 0x24, 0x15, 0xe8, 0xd5, 0x5d, 0xd0, 0x92, 0x16, 0x57, 0x44, 0x9c, 0x5a, 
    0x9d, 0x41, 0x9a, 0xa7, 0x33, 0x33, 0xf3, 0xcc, 0xea, 0x10, 0x33, 0x61, 0x01, 
    0x4b, 0x9a, 0xec, 0x95, 0xd5, 0x01, 0xa4, 0x79, 0x5a, 0x01, 0x9c, 0x59, 0x9c, 
    0x61, 0x46, 0x5c, 0x82, 0x96, 0x24, 0xa9, 0x80, 0x05, 0x2c, 0x49, 0x52, 0x01, 
    0x0b, 0x58, 0x92, 0xa4, 0x02, 0x16, 0xb0, 0x24, 0x49, 0x05, 0x2c, 0x60, 0x49, 
    0x92, 0x0a, 0x58, 0xc0, 0x92, 0x24, 0x15, 0xb0, 0x80, 0x25, 0x49, 0x2a, 0xe0, 
    0x73, 0xc0, 0x3b, 0x76, 0x3b, 0xf0, 0xe5, 0xea, 0x10, 0xb3, 0x70, 0x18, 0xf0, 
    0xf4, 0x82, 0xe3, 0x7e, 0x05, 0xb8, 0xad, 0xe0, 0xb8, 0xf3, 0xf1, 0xab, 0xc0, 
    0xbe, 0xd5, 0x21, 0x24, 0x0d, 0x93, 0x05, 0xbc, 0x63, 0xd7, 0x66, 0xe6, 0xab, 
    0xaa, 0x43, 0xcc, 0x54, 0x44, 0xfc, 0x3a, 0x35, 0x05, 0xfc, 0x3f, 0x32, 0xf3, 
    0x82, 0x82, 0xe3, 0xce, 0x59, 0x44, 0x5c, 0x80, 0x05, 0x2c, 0xa9, 0x88, 0x4b, 
    0xd0, 0x92, 0x24, 0x15, 0xb0, 0x80, 0x25, 0x49, 0x2a, 0x60, 0x01, 0x4b, 0x92, 
    0x54, 0xc0, 0x02, 0x96, 0x24, 0xa9, 0x80, 0x37, 0x61, 0x49, 0x9a, 0xec, 0xb4, 
    0xea, 0x00, 0x1d, 0x57, 0xb1, 0x5b, 0xd4, 0x19, 0xc0, 0x5d, 0x05, 0xc7, 0x5d, 
    0x08, 0xc7, 0x03, 0x8f, 0xaa, 0x0e, 0xd1, 0x55, 0x16, 0xb0, 0xa4, 0xfb, 0xf5, 
    0xe9, 0x8e, 0xff, 0x0a, 0x11, 0x51, 0x51, 0xc0, 0xbf, 0x9f, 0x99, 0x2b, 0x0a, 
    0x8e, 0x3b, 0x6f, 0x11, 0xf1, 0x51, 0x2c, 0xe0, 0x69, 0xb9, 0x04, 0x2d, 0x49, 
    0x52, 0x01, 0x0b, 0x58, 0x92, 0xa4, 0x02, 0x16, 0xb0, 0x24, 0x49, 0x05, 0x2c, 
    0x60, 0x49, 0x92, 0x0a, 0x58, 0xc0, 0x92, 0x24, 0x15, 0xb0, 0x80, 0x25, 0x49, 
    0x2a, 0x60, 0x01, 0x4b, 0x92, 0x54, 0xc0, 0x02, 0x96, 0x24, 0xa9, 0x80, 0x05, 
    0x2c, 0x49, 0x52, 0x01, 0x0b, 0x58, 0x92, 0xa4, 0x02, 0x16, 0xb0, 0x24, 0x49, 
    0x05, 0x2c, 0x60, 0x49, 0x92, 0x0a, 0x58, 0xc0, 0x92, 0x24, 0x15, 0x70, 0x37, 
    0xa4, 0xf1, 0x73, 0x07, 0x70, 0x61, 0xc1, 0x71, 0xd7, 0x15, 0x1c, 0x53, 0x92, 
    0x7a, 0xcb, 0x02, 0x1e, 0x33, 0x99, 0x79, 0x16, 0xf0, 0xb8, 0xea, 0x1c, 0x92, 
    0xa4, 0xed, 0x73, 0x09, 0x5a, 0x92, 0xa4, 0x02, 0x7d, 0x9b, 0x01, 0xaf, 0x06, 
    0x56, 0xb6, 0x7c, 0xcc, 0x1b, 0x5a, 0x3e, 0x9e, 0xda, 0x73, 0x03, 0xb0, 0x4f, 
    0xcb, 0xc7, 0x5c, 0xdd, 0xf2, 0xf1, 0x24, 0x75, 0x54, 0xaf, 0x0a, 0x38, 0x33, 
    0x5f, 0x52, 0x9d, 0x41, 0xe3, 0x23, 0x33, 0x9f, 0x53, 0x9d, 0x41, 0xd2, 0x70, 
    0xb9, 0x04, 0x2d, 0x49, 0x52, 0x81, 0x5e, 0xcd, 0x80, 0x25, 0xa9, 0x58, 0xdb, 
    0x97, 0xc0, 0x00, 0x36, 0x15, 0x1c, 0x53, 0x2d, 0xb0, 0x80, 0x25, 0x69, 0x86, 
    0x32, 0x73, 0x59, 0x75, 0x06, 0x8d, 0x0f, 0x97, 0xa0, 0x25, 0x49, 0x2a, 0xe0, 
    0x0c, 0x58, 0x92, 0xb4, 0x58, 0xd6, 0xd1, 0xbc, 0x1c, 0xa8, 0x4d, 0xeb, 0x5b, 
    0x3e, 0xde, 0x9c, 0x45, 0x66, 0x56, 0x67, 0x90, 0x24, 0x69, 0x70, 0x5c, 0x82, 
    0x96, 0x24, 0xa9, 0x80, 0x05, 0x2c, 0x49, 0x52, 0x01, 0x0b, 0x58, 0x92, 0xa4, 
    0x02, 0x16, 0xb0, 0x24, 0x49, 0x05, 0xbc, 0x0b, 0x7a, 0x9e, 0x22, 0x22, 0x80, 
    0xbd, 0x27, 0xfd, 0xad, 0xbd, 0x81, 0x28, 0x8a, 0x33, 0x74, 0x9b, 0x81, 0xb5, 
    0xa3, 0xef, 0x33, 0x33, 0xdb, 0xbe, 0xfb, 0x52, 0x92, 0x66, 0xcc, 0xbb, 0xa0, 
    0xb7, 0x11, 0x11, 0xfb, 0x03, 0x47, 0x00, 0x87, 0x01, 0x07, 0x03, 0x87, 0x02, 
    0xfb, 0x03, 0xfb, 0x4e, 0xfa, 0xec, 0x03, 0xec, 0x07, 0xec, 0x55, 0x93, 0x52, 
    0xb3, 0xb4, 0x06, 0xb8, 0x7d, 0xf4, 0x99, 0xfc, 0xfd, 0xad, 0xc0, 0x2a, 0xe0, 
    0x7a, 0xe0, 0x3a, 0xe0, 0xea, 0xcc, 0xbc, 0xbd, 0x26, 0xa2, 0xa4, 0xa1, 0x19, 
    0x6c, 0x01, 0x47, 0xc4, 0x9e, 0xc0, 0x93, 0x68, 0xf6, 0xce, 0x7d, 0x0c, 0x70, 
    0x2c, 0x70, 0x14, 0xed, 0xef, 0x8e, 0xa3, 0x6e, 0xb9, 0x0d, 0xf8, 0x29, 0xf0, 
    0x13, 0xe0, 0x62, 0xe0, 0x7c, 0xe0, 0xfc, 0xcc, 0xbc, 0xbb, 0x34, 0x95, 0xa4, 
    0xb1, 0x33, 0x98, 0x02, 0x8e, 0x88, 0x7d, 0x80, 0xa7, 0x03, 0xcf, 0x04, 0x4e, 
    0x06, 0x8e, 0xc1, 0x6b, 0xe0, 0x9a, 0x99, 0xcd, 0xc0, 0x45, 0xc0, 0x77, 0x80, 
    0x6f, 0x01, 0x67, 0x67, 0xe6, 0x5d, 0xb5, 0x91, 0x24, 0xf5, 0xdd, 0x58, 0x17, 
    0xf0, 0x68, 0x39, 0xf9, 0xc5, 0xc0, 0x0b, 0x68, 0x4a, 0xd7, 0x6b, 0xde, 0x5a, 
    0x08, 0x1b, 0x80, 0x6f, 0x02, 0x67, 0x00, 0x5f, 0xca, 0xcc, 0xb5, 0x3b, 0xf8, 
    0xf3, 0x92, 0xf4, 0x00, 0x63, 0x59, 0xc0, 0x11, 0xf1, 0x0b, 0xc0, 0x5b, 0x81, 
    0xe7, 0x01, 0xbb, 0x15, 0xc7, 0xd1, 0x78, 0x5b, 0x07, 0x7c, 0x09, 0xf8, 0x68, 
    0x66, 0x9e, 0x5f, 0x1d, 0x46, 0x52, 0x7f, 0x8c, 0x55, 0x01, 0x47, 0xc4, 0xb3, 
    0x81, 0x3f, 0xa2, 0xb9, 0xb6, 0x2b, 0xb5, 0xed, 0x2c, 0xe0, 0x3d, 0x99, 0xf9, 
    0xbd, 0xea, 0x20, 0x73, 0x15, 0x11, 0x17, 0x54, 0x67, 0x90, 0xe6, 0xe9, 0x13, 
    0x99, 0xf9, 0x89, 0xea, 0x10, 0x33, 0x31, 0x16, 0x4b, 0xb2, 0x11, 0xf1, 0x08, 
    0xe0, 0x14, 0xe0, 0x17, 0xab, 0xb3, 0x68, 0xd0, 0x9e, 0x0e, 0x9c, 0x1b, 0x11, 
    0x67, 0x00, 0x6f, 0xcd, 0xcc, 0xeb, 0xab, 0x03, 0xcd, 0xc1, 0x71, 0xd5, 0x01, 
    0xa4, 0x79, 0x3a, 0xa8, 0x3a, 0xc0, 0x4c, 0xf5, 0xfe, 0x26, 0xa4, 0x88, 0xf8, 
    0x1d, 0x9a, 0x1b, 0x64, 0x2c, 0x5f, 0x75, 0xc5, 0x0b, 0x81, 0xcb, 0x22, 0xe2, 
    0x65, 0xd5, 0x41, 0x24, 0x75, 0x57, 0x6f, 0x0b, 0x38, 0x22, 0x76, 0x8b, 0x88, 
    0x2f, 0x00, 0x7f, 0x0e, 0x2c, 0xa9, 0xce, 0x23, 0x6d, 0x63, 0x4f, 0xe0, 0x6f, 
    0x22, 0xe2, 0x94, 0x88, 0xd8, 0xb9, 0x3a, 0x8c, 0xa4, 0xee, 0xe9, 0x65, 0x01, 
    0x47, 0xc4, 0xee, 0xc0, 0xd7, 0x80, 0x97, 0x54, 0x67, 0x91, 0x76, 0xe0, 0xcd, 
    0xc0, 0x97, 0x22, 0x62, 0x2c, 0x2e, 0xf7, 0x48, 0x5a, 0x38, 0xbd, 0x2b, 0xe0, 
    0x88, 0xd8, 0x09, 0xf8, 0x02, 0xf0, 0x8c, 0xea, 0x2c, 0xd2, 0x0c, 0xfd, 0x3a, 
    0xf0, 0xd9, 0xd1, 0x6b, 0x4b, 0x25, 0x09, 0xe8, 0x61, 0x01, 0x03, 0xef, 0x06, 
    0x7e, 0xad, 0x3a, 0x84, 0x34, 0x4b, 0x2f, 0xa7, 0x79, 0x34, 0x4e, 0x92, 0x80, 
    0x9e, 0x15, 0x70, 0x44, 0x1c, 0x0b, 0xfc, 0x61, 0x75, 0x0e, 0x69, 0x8e, 0xfe, 
    0x2c, 0x22, 0x8e, 0xaa, 0x0e, 0x21, 0xa9, 0x1b, 0x7a, 0x55, 0xc0, 0xc0, 0x47, 
    0x00, 0x6f, 0x68, 0x51, 0x5f, 0xed, 0x06, 0x7c, 0xa8, 0x3a, 0x84, 0xa4, 0x6e, 
    0xe8, 0x4d, 0x01, 0x47, 0xc4, 0x93, 0xf0, 0x51, 0x23, 0xf5, 0xdf, 0xaf, 0x44, 
    0xc4, 0x63, 0xaa, 0x43, 0x48, 0xaa, 0xd7, 0x9b, 0x02, 0x06, 0x5e, 0x57, 0x1d, 
    0x40, 0x5a, 0x20, 0xaf, 0xaf, 0x0e, 0x20, 0xa9, 0x5e, 0x2f, 0x1e, 0x8d, 0x18, 
    0xdd, 0x3d, 0xfa, 0xfc, 0xea, 0x1c, 0x93, 0x24, 0x70, 0x25, 0x70, 0x29, 0x70, 
    0x39, 0xf0, 0x33, 0xe0, 0x66, 0x9a, 0xbd, 0x66, 0x27, 0xb6, 0xad, 0x5b, 0x3f, 
    0xfa, 0x68, 0xf1, 0x3d, 0x88, 0x2d, 0xef, 0xfc, 0xde, 0x83, 0x66, 0x4b, 0xc9, 
    0x03, 0x81, 0x87, 0x00, 0x8f, 0xa4, 0xd9, 0xf9, 0xea, 0x11, 0x40, 0x57, 0xee, 
    0x42, 0x7e, 0x21, 0xf0, 0x96, 0xea, 0x10, 0x92, 0x6a, 0xf5, 0xa2, 0x80, 0x81, 
    0xa3, 0x69, 0x4e, 0xa6, 0xd5, 0x2e, 0xa2, 0x79, 0xf1, 0xc7, 0x57, 0x32, 0xf3, 
    0xa6, 0xea, 0x30, 0x9a, 0xb9, 0x88, 0x38, 0x08, 0xf8, 0x15, 0x9a, 0x3b, 0x91, 
    0x1f, 0x5d, 0x1c, 0xe7, 0xe0, 0x88, 0x38, 0x2a, 0x33, 0x7f, 0x5a, 0x9c, 0x43, 
    0x52, 0xa1, 0xbe, 0x2c, 0x41, 0x3f, 0xa1, 0x3a, 0x00, 0xf0, 0xff, 0x03, 0x4f, 
    0xcc, 0xcc, 0x4f, 0x5b, 0xbe, 0xfd, 0x93, 0x99, 0xab, 0x33, 0xf3, 0x53, 0xc0, 
    0xe3, 0x80, 0xbf, 0x28, 0x8e, 0x03, 0xf0, 0xf8, 0xea, 0x00, 0x92, 0x6a, 0xf5, 
    0xa5, 0x80, 0x8f, 0x28, 0x3e, 0xfe, 0x39, 0xc0, 0x5b, 0x32, 0x73, 0x53, 0x71, 
    0x0e, 0xcd, 0xd3, 0xe8, 0xbf, 0xe1, 0xef, 0x00, 0xd5, 0x3b, 0x16, 0x1d, 0x59, 
    0x7c, 0x7c, 0x49, 0xc5, 0xfa, 0xb2, 0x04, 0xbd, 0x7f, 0xf1, 0xf1, 0x3f, 0x91, 
    0xe3, 0xb4, 0x6f, 0xe3, 0xc0, 0x65, 0x66, 0x46, 0xc4, 0x27, 0x80, 0xff, 0x54, 
    0x18, 0xa3, 0x0b, 0x97, 0x54, 0xa6, 0xf2, 0xea, 0xea, 0x00, 0xd2, 0x3c, 0x5d, 
    0x50, 0x1d, 0x60, 0xa6, 0xfa, 0x52, 0xc0, 0x7b, 0x14, 0x1f, 0xff, 0xca, 0xe2, 
    0xe3, 0x6b, 0xe1, 0x55, 0x5f, 0x7f, 0x5d, 0x5a, 0x7c, 0xfc, 0x29, 0x65, 0xe6, 
    0xa9, 0xd5, 0x19, 0xa4, 0xa1, 0xe8, 0xcb, 0x12, 0xf4, 0x3d, 0xc5, 0xc7, 0x3f, 
    0xa0, 0xf8, 0xf8, 0x5a, 0x78, 0xd5, 0xff, 0x4d, 0x37, 0x14, 0x1f, 0x5f, 0x52, 
    0xb1, 0xbe, 0x14, 0xf0, 0x1d, 0xc5, 0xc7, 0xff, 0xd5, 0xe2, 0xe3, 0x6b, 0xe1, 
    0x3d, 0xaf, 0xf8, 0xf8, 0xb7, 0x17, 0x1f, 0x5f, 0x52, 0xb1, 0xbe, 0x14, 0x70, 
    0xf5, 0x72, 0xe1, 0xeb, 0x23, 0xa2, 0xfa, 0x84, 0xad, 0x05, 0x12, 0x11, 0xcf, 
    0xa7, 0xfe, 0xc5, 0x2e, 0x57, 0x15, 0x1f, 0x5f, 0x52, 0xb1, 0xbe, 0x14, 0xf0, 
    0x8f, 0x8a, 0x8f, 0xbf, 0x33, 0x70, 0x66, 0x44, 0x7c, 0x20, 0x22, 0xaa, 0x97, 
    0x2e, 0x35, 0x47, 0x11, 0x71, 0x4c, 0x44, 0xfc, 0x15, 0xf0, 0x0f, 0xd4, 0xff, 
    0xec, 0xff, 0xb8, 0xf8, 0xf8, 0x92, 0x8a, 0x45, 0x5f, 0x6e, 0xee, 0x8d, 0x88, 
    0x6b, 0x81, 0x87, 0x57, 0xe7, 0x00, 0x36, 0x02, 0x67, 0x03, 0xdf, 0x01, 0x7e, 
    0x02, 0xac, 0x00, 0x56, 0x64, 0xe6, 0x9d, 0x85, 0x99, 0xb4, 0x8d, 0x88, 0xd8, 
    0x9f, 0xe6, 0xe7, 0xe5, 0xb1, 0x34, 0xcf, 0xdc, 0xfe, 0x22, 0x70, 0x6c, 0x69, 
    0xa8, 0x2d, 0x56, 0x66, 0xe6, 0xb2, 0xea, 0x10, 0x92, 0x6a, 0xf5, 0xe5, 0x2e, 
    0x68, 0x80, 0xd3, 0x69, 0xf6, 0x02, 0xae, 0xb6, 0x2b, 0xf0, 0x4b, 0xa3, 0xcf, 
    0xfd, 0x22, 0xe2, 0x2e, 0xe0, 0x36, 0x9a, 0xd7, 0x51, 0x4e, 0x7c, 0x26, 0x7e, 
    0xbb, 0xd9, 0x04, 0xdc, 0x45, 0xf3, 0x8a, 0xc4, 0x09, 0x7b, 0xb2, 0x83, 0x9d, 
    0x9d, 0x32, 0xf3, 0x69, 0xf3, 0x4e, 0xdb, 0x03, 0x11, 0x71, 0xf6, 0x2c, 0xfe, 
    0xf8, 0xdd, 0x34, 0xbf, 0x04, 0x4d, 0xd8, 0x9b, 0xe6, 0x8e, 0xe2, 0xdd, 0x81, 
    0xbd, 0x46, 0xdf, 0xef, 0x07, 0x2c, 0x59, 0xa8, 0x7c, 0x8b, 0xe0, 0xb4, 0xea, 
    0x00, 0x92, 0xea, 0xf5, 0x69, 0x06, 0x7c, 0x28, 0xcd, 0xb5, 0xe0, 0x4e, 0x3e, 
    0xbe, 0xb1, 0x18, 0x32, 0xb3, 0x2b, 0xef, 0x2e, 0x5e, 0x54, 0x11, 0xd1, 0x8f, 
    0x1f, 0xc2, 0x85, 0xb1, 0x1e, 0x38, 0x32, 0x33, 0x6f, 0xa8, 0x0e, 0x22, 0xa9, 
    0x56, 0xf5, 0x75, 0xb0, 0x19, 0xcb, 0xcc, 0x55, 0xc0, 0x47, 0xab, 0x73, 0x48, 
    0xf3, 0xf4, 0x41, 0xcb, 0x57, 0x12, 0xf4, 0x68, 0x06, 0x0c, 0x10, 0x11, 0xbb, 
    0x03, 0x3f, 0xa0, 0x3b, 0xd7, 0xf2, 0x16, 0x95, 0x33, 0xe0, 0xb1, 0x73, 0x21, 
    0x70, 0x62, 0x66, 0xba, 0x4b, 0x96, 0xa4, 0xfe, 0xcc, 0x80, 0x01, 0x32, 0x73, 
    0x1d, 0xf0, 0x22, 0xe0, 0xd6, 0xea, 0x2c, 0xd2, 0x2c, 0xdd, 0x02, 0xbc, 0xd8, 
    0xf2, 0x95, 0x34, 0xa1, 0x57, 0x05, 0x0c, 0x90, 0x99, 0x97, 0x03, 0xcf, 0x05, 
    0xbc, 0xeb, 0x58, 0x7d, 0x71, 0x07, 0xf0, 0x9c, 0xcc, 0xbc, 0xa2, 0x3a, 0x88, 
    0xa4, 0xee, 0xe8, 0x5d, 0x01, 0x03, 0x64, 0xe6, 0x79, 0xc0, 0x53, 0x81, 0x55, 
    0xd5, 0x59, 0xa4, 0x1d, 0xb8, 0x0e, 0x78, 0x4a, 0x66, 0xfe, 0xb0, 0x3a, 0x88, 
    0xa4, 0x6e, 0xe9, 0x65, 0x01, 0x03, 0x64, 0xe6, 0x4f, 0x68, 0x9e, 0xef, 0xfc, 
    0x6a, 0x75, 0x16, 0x69, 0x1a, 0x5f, 0x01, 0x9e, 0x90, 0x99, 0x97, 0x54, 0x07, 
    0x91, 0xd4, 0x3d, 0xbd, 0xba, 0x09, 0x6b, 0x2a, 0x11, 0x11, 0xc0, 0x2b, 0x80, 
    0x0f, 0x02, 0x07, 0x16, 0xc7, 0x59, 0x50, 0xde, 0x84, 0xd5, 0x5b, 0x37, 0x03, 
    0xbf, 0x0f, 0x9c, 0xde, 0xb7, 0x6d, 0x2c, 0x23, 0xe2, 0xd4, 0xea, 0x0c, 0xd2, 
    0x3c, 0x9d, 0x93, 0x99, 0x9f, 0xae, 0x0e, 0x31, 0x13, 0xbd, 0x2f, 0xe0, 0x09, 
    0x11, 0xb1, 0x0f, 0xf0, 0x5f, 0x81, 0xb7, 0x02, 0x0f, 0xae, 0x4d, 0xb3, 0x30, 
    0x2c, 0xe0, 0xde, 0xb9, 0x1b, 0xf8, 0x18, 0xcd, 0xa3, 0x46, 0x6b, 0x8a, 0xb3, 
    0xcc, 0xc9, 0x18, 0xfd, 0xb7, 0xd0, 0x70, 0x9d, 0x96, 0x99, 0xaf, 0xaa, 0x0e, 
    0x31, 0x13, 0xbd, 0x5d, 0x82, 0xde, 0x56, 0x66, 0xae, 0xc9, 0xcc, 0xf7, 0x00, 
    0xcb, 0x80, 0xf7, 0x00, 0x3e, 0x6b, 0xa9, 0xb6, 0xdc, 0x08, 0xfc, 0x77, 0x60, 
    0x59, 0x66, 0xbe, 0xa7, 0xaf, 0xe5, 0x2b, 0xa9, 0x5d, 0x63, 0x53, 0xc0, 0x13, 
    0x32, 0xf3, 0x96, 0xcc, 0xfc, 0x13, 0x9a, 0x22, 0xfe, 0x35, 0xe0, 0x4b, 0xc0, 
    0xbd, 0xa5, 0xa1, 0x34, 0x8e, 0xee, 0x05, 0xce, 0x04, 0x9e, 0x4f, 0x53, 0xbc, 
    0xef, 0xcb, 0xcc, 0x5b, 0x6a, 0x23, 0x49, 0xea, 0x93, 0x3e, 0xbd, 0x0b, 0x7a, 
    0x56, 0x32, 0x73, 0x23, 0xf0, 0x65, 0xe0, 0xcb, 0x11, 0xb1, 0x07, 0xf0, 0x6c, 
    0x9a, 0x42, 0xfe, 0x25, 0xe0, 0xa1, 0x95, 0xd9, 0xd4, 0x5b, 0xb7, 0x01, 0xdf, 
    0x00, 0xfe, 0x09, 0xf8, 0x6a, 0x66, 0x56, 0xef, 0x53, 0x2d, 0xa9, 0xc7, 0xc6, 
    0xb6, 0x80, 0x27, 0xcb, 0xcc, 0xbb, 0x68, 0x66, 0xc2, 0x5f, 0x1a, 0xdd, 0xb4, 
    0xf5, 0x68, 0xe0, 0x64, 0xe0, 0x29, 0xc0, 0x09, 0xc0, 0x11, 0x85, 0xf1, 0xd4, 
    0x5d, 0xab, 0x81, 0xef, 0x01, 0xe7, 0x02, 0xdf, 0x06, 0x2e, 0xc8, 0xcc, 0xfb, 
    0x6a, 0x23, 0x49, 0x1a, 0x17, 0x83, 0x28, 0xe0, 0xc9, 0x46, 0x77, 0xa5, 0x5e, 
    0x3c, 0xfa, 0x9c, 0x02, 0x30, 0xda, 0xe3, 0xf7, 0x31, 0xc0, 0x71, 0x34, 0xdb, 
    0xd7, 0x3d, 0x02, 0x78, 0x24, 0xe0, 0xde, 0xbf, 0xc3, 0x70, 0x0f, 0xcd, 0x46, 
    0x1f, 0x57, 0xd0, 0x6c, 0x31, 0x79, 0x01, 0x4d, 0xd9, 0xfa, 0x9c, 0xb9, 0xa4, 
    0x45, 0x33, 0xb8, 0x02, 0x9e, 0xca, 0xe8, 0xda, 0xdd, 0x59, 0xa3, 0xcf, 0xfd, 
    0x22, 0x62, 0x5f, 0xe0, 0x30, 0xe0, 0x50, 0x9a, 0xbd, 0x65, 0x0f, 0x05, 0x0e, 
    0x99, 0xf4, 0xd7, 0x07, 0xd0, 0x6c, 0x31, 0xb8, 0xdd, 0x6d, 0x05, 0x55, 0x6a, 
    0x1d, 0xcd, 0xab, 0x4b, 0x57, 0xd1, 0xbc, 0x14, 0xe3, 0xfa, 0xd1, 0xf7, 0xd7, 
    0x8f, 0xfe, 0xfa, 0x5a, 0x60, 0x55, 0xdf, 0x1e, 0x17, 0x92, 0xd4, 0x7f, 0x16, 
    0xf0, 0x76, 0x64, 0xe6, 0xed, 0xc0, 0xed, 0x34, 0x2f, 0xd1, 0x9f, 0x56, 0x44, 
    0xec, 0x49, 0x53, 0xc4, 0xfb, 0x8e, 0xbe, 0x4e, 0x7c, 0xbf, 0x3b, 0xcd, 0xf6, 
    0x89, 0x3b, 0xd3, 0xec, 0xff, 0x0b, 0xcd, 0x9e, 0xb5, 0x3b, 0x8d, 0xfe, 0xfe, 
    0x60, 0xb6, 0x56, 0xdc, 0x81, 0x1d, 0xed, 0x8f, 0x7b, 0x2f, 0xcd, 0x2c, 0x15, 
    0x9a, 0x7d, 0x95, 0x37, 0x01, 0xf7, 0xb1, 0xe5, 0x75, 0xa4, 0xf7, 0xb0, 0xf5, 
    0x3e, 0xcc, 0xf7, 0x7f, 0x32, 0xd3, 0x1b, 0xf0, 0x24, 0x75, 0x92, 0x05, 0xbc, 
    0x00, 0x32, 0x73, 0x2d, 0xb0, 0x96, 0x66, 0x46, 0xa5, 0x59, 0xea, 0xcb, 0x33, 
    0x7b, 0x92, 0xb4, 0x90, 0xc6, 0xee, 0x31, 0x24, 0x49, 0x92, 0xfa, 0xc0, 0x02, 
    0x96, 0x24, 0xa9, 0x80, 0x05, 0x2c, 0x49, 0x52, 0x01, 0x0b, 0x58, 0x92, 0xa4, 
    0x02, 0x16, 0xb0, 0x24, 0x49, 0x05, 0x7a, 0x75, 0x17, 0xf4, 0x68, 0xab, 0xb4, 
    0x83, 0x81, 0x95, 0xa3, 0xcf, 0xb5, 0xa3, 0xcf, 0x4a, 0x9a, 0x67, 0x39, 0x37, 
    0xd6, 0xa5, 0x93, 0xc6, 0xc2, 0xf3, 0xab, 0x03, 0xf4, 0xc8, 0xe7, 0x80, 0x07, 
    0xb5, 0x7c, 0xcc, 0xdf, 0x03, 0xfe, 0xa3, 0xe5, 0x63, 0xce, 0xc7, 0x4b, 0x80, 
    0x17, 0x57, 0x87, 0xe8, 0xaa, 0x5e, 0x15, 0x30, 0xcd, 0x06, 0x0b, 0x27, 0x4f, 
    0xf3, 0xcf, 0xee, 0x8b, 0x88, 0x1b, 0xd9, 0x52, 0xc8, 0x2b, 0xb7, 0xfd, 0x3e, 
    0x33, 0xef, 0x9c, 0xe6, 0xdf, 0x95, 0x04, 0x64, 0xe6, 0x99, 0xd5, 0x19, 0xfa, 
    0x22, 0x22, 0x2a, 0x7e, 0xe1, 0x3f, 0x2b, 0x33, 0x2f, 0x28, 0x38, 0xee, 0x9c, 
    0x44, 0xc4, 0xe3, 0xaa, 0x33, 0x74, 0x59, 0xdf, 0x0a, 0x78, 0x7b, 0x76, 0xa2, 
    0x79, 0x4b, 0xd5, 0x21, 0xc0, 0x7f, 0x9a, 0xea, 0x0f, 0x44, 0xc4, 0x1d, 0x4c, 
    0x3d, 0x7b, 0x9e, 0xf8, 0xeb, 0x1b, 0x7d, 0x23, 0x92, 0x24, 0xa9, 0x0d, 0xe3, 
    0x54, 0xc0, 0x33, 0xb1, 0x37, 0xcd, 0xbb, 0x9e, 0x1f, 0x3b, 0xcd, 0x3f, 0xdf, 
    0x18, 0x11, 0x13, 0xc5, 0xbc, 0x6d, 0x39, 0x5f, 0x0b, 0xac, 0xcc, 0xcc, 0x0d, 
    0x6d, 0x04, 0x95, 0x24, 0x8d, 0xb7, 0xa1, 0x15, 0xf0, 0x8e, 0xec, 0x0a, 0x1c, 
    0x39, 0xfa, 0x4c, 0x29, 0x22, 0x6e, 0x62, 0x9a, 0x72, 0xa6, 0x29, 0xe8, 0xdb, 
    0x5a, 0xc8, 0x29, 0x49, 0xea, 0x39, 0x0b, 0x78, 0xf6, 0x1e, 0x3a, 0xfa, 0x3c, 
    0x79, 0xaa, 0x7f, 0x18, 0x11, 0x77, 0xb3, 0x75, 0x41, 0x4f, 0xbe, 0x16, 0x7d, 
    0x2d, 0x70, 0x43, 0x66, 0x6e, 0x6a, 0x27, 0xaa, 0xa4, 0x85, 0x10, 0x11, 0xbb, 
    0x03, 0xcb, 0x81, 0xa3, 0x68, 0x76, 0x4b, 0x3b, 0x0a, 0x78, 0x70, 0x69, 0x28, 
    0xf5, 0x9e, 0x05, 0xbc, 0xf0, 0x1e, 0x0c, 0x3c, 0x6a, 0xf4, 0x99, 0xca, 0xe6, 
    0x88, 0xb8, 0x9e, 0xa9, 0xaf, 0x43, 0x4f, 0xdc, 0x2c, 0x76, 0x77, 0x1b, 0x41, 
    0x25, 0x6d, 0x11, 0x11, 0xbb, 0x02, 0x3f, 0x47, 0xb3, 0x15, 0xe9, 0x72, 0x9a, 
    0xa2, 0x7d, 0xc4, 0xe8, 0xfb, 0xc3, 0x0a, 0xa3, 0x69, 0x4c, 0x59, 0xc0, 0xed, 
    0xdb, 0x99, 0x66, 0x30, 0x4f, 0x3b, 0xa0, 0x23, 0xe2, 0x56, 0xb6, 0x7f, 0x1d, 
    0xfa, 0xa6, 0x16, 0x72, 0x4a, 0x63, 0x27, 0x22, 0x26, 0xc6, 0xdf, 0x72, 0xe0, 
    0xe8, 0xd1, 0xd7, 0x89, 0xef, 0x0f, 0xc7, 0xad, 0x45, 0xd5, 0x22, 0x0b, 0xb8, 
    0x9b, 0xf6, 0x1f, 0x7d, 0x1e, 0x3f, 0xd5, 0x3f, 0x8c, 0x88, 0x0d, 0x3c, 0x70, 
    0x69, 0x7b, 0x72, 0x59, 0xaf, 0x72, 0x1b, 0x3e, 0x0d, 0x59, 0x44, 0x1c, 0x42, 
    0xb3, 0x4c, 0x3c, 0xb1, 0x64, 0x3c, 0x31, 0x93, 0x5d, 0x0e, 0xec, 0x56, 0x18, 
    0x6d, 0xbe, 0xa2, 0x3a, 0xc0, 0x2c, 0x55, 0xe4, 0xed, 0xcd, 0x8d, 0xb2, 0x16, 
    0x70, 0x3f, 0x2d, 0x61, 0xcb, 0x49, 0x65, 0x2a, 0x19, 0x11, 0xab, 0x99, 0xfe, 
    0x3a, 0xf4, 0xca, 0xcc, 0xbc, 0xa3, 0x8d, 0xa0, 0xd2, 0x62, 0x89, 0x88, 0x03, 
    0x98, 0x7a, 0xb9, 0xf8, 0x11, 0xb4, 0xff, 0x82, 0x8c, 0xb6, 0x1c, 0x0d, 0xfc, 
    0x7b, 0x75, 0x88, 0x59, 0x38, 0xae, 0xe0, 0x98, 0x37, 0x17, 0x1c, 0x73, 0x4e, 
    0x2c, 0xe0, 0xf1, 0x14, 0xc0, 0xc3, 0x46, 0x9f, 0x13, 0xa7, 0xfc, 0x03, 0x11, 
    0x77, 0xb2, 0x9d, 0xeb, 0xd0, 0x34, 0xcf, 0x44, 0xdf, 0xd7, 0x4a, 0x5a, 0x69, 
    0x1a, 0x11, 0xb1, 0x37, 0x4d, 0xa9, 0x3e, 0x92, 0x66, 0x36, 0x3b, 0x79, 0xe9, 
    0x78, 0x9f, 0xba, 0x64, 0x65, 0xde, 0x14, 0x11, 0x7f, 0xdb, 0x87, 0xf7, 0x15, 
    0x44, 0xc4, 0xd1, 0xc0, 0x73, 0x0a, 0x0e, 0xdd, 0x9b, 0x37, 0x85, 0x59, 0xc0, 
    0xc3, 0xb5, 0x17, 0xf0, 0x98, 0xd1, 0x67, 0x2a, 0x1b, 0x23, 0x62, 0x15, 0xdb, 
    0x59, 0xea, 0xce, 0xcc, 0xf5, 0x6d, 0x04, 0xd5, 0x78, 0x1b, 0xdd, 0x61, 0x3c, 
    0x79, 0xf6, 0x3a, 0xf9, 0xfb, 0x87, 0x14, 0x46, 0xeb, 0xa2, 0x5f, 0x00, 0xfe, 
    0x18, 0x78, 0x77, 0x75, 0x90, 0xed, 0x89, 0x88, 0xc3, 0x80, 0x2f, 0xd3, 0x3c, 
    0xda, 0xd9, 0xb6, 0x1f, 0x17, 0x1c, 0x73, 0x4e, 0xa2, 0x07, 0xbf, 0x48, 0xdd, 
    0x2f, 0x22, 0xce, 0x66, 0xfa, 0x57, 0x51, 0xaa, 0x7d, 0x3f, 0x63, 0x9b, 0xa5, 
    0xed, 0xc9, 0x5f, 0x33, 0xf3, 0x96, 0xc2, 0x6c, 0xea, 0x90, 0x88, 0xd8, 0x0d, 
    0x38, 0x82, 0xad, 0x1f, 0xe3, 0x99, 0xf8, 0x7a, 0x68, 0x61, 0xb4, 0xbe, 0xfa, 
    0x07, 0xe0, 0xf7, 0x32, 0x73, 0x65, 0x75, 0x90, 0xc9, 0x22, 0x62, 0x09, 0xf0, 
    0x1a, 0x9a, 0x5f, 0x12, 0xf6, 0x2d, 0x88, 0xb0, 0x06, 0x38, 0x20, 0x33, 0x37, 
    0x17, 0x1c, 0x7b, 0xd6, 0x2c, 0x60, 0x2d, 0xa6, 0x75, 0x6c, 0xe7, 0x3a, 0x34, 
    0x70, 0xbd, 0xcf, 0x44, 0x8f, 0x8f, 0x49, 0x77, 0x18, 0x4f, 0x2c, 0x17, 0x4f, 
    0x2e, 0x59, 0xef, 0x30, 0x5e, 0x78, 0x9b, 0x81, 0x7f, 0x02, 0xbe, 0x08, 0x7c, 
    0x3b, 0x33, 0x4b, 0xae, 0x7d, 0x46, 0xc4, 0xfe, 0xc0, 0x53, 0x80, 0x67, 0x01, 
    0xbf, 0x45, 0xed, 0xa5, 0x81, 0xbf, 0xc9, 0xcc, 0x97, 0x17, 0x1e, 0x7f, 0x56, 
    0x2c, 0x60, 0x55, 0xba, 0x0f, 0xb8, 0x9e, 0x07, 0x16, 0xf3, 0xe4, 0x9b, 0xc5, 
    0xee, 0xaa, 0x8b, 0xa7, 0xa9, 0x44, 0xc4, 0xc3, 0xd9, 0xf2, 0x52, 0x8a, 0xc9, 
    0x37, 0x41, 0x1d, 0x49, 0xcd, 0x92, 0xa3, 0x1a, 0xab, 0x80, 0x6b, 0x80, 0xeb, 
    0x68, 0x7e, 0xf9, 0x5d, 0x8c, 0xf7, 0x09, 0xec, 0x44, 0x73, 0xf9, 0x6a, 0x29, 
    0xcd, 0x2f, 0x5b, 0xcb, 0x68, 0xee, 0x35, 0xe9, 0x8a, 0xa7, 0x65, 0xe6, 0x77, 
    0xaa, 0x43, 0xcc, 0x54, 0xdf, 0x0a, 0xf8, 0x38, 0x9a, 0x01, 0x7f, 0x10, 0xcd, 
    0xb6, 0x84, 0x07, 0xd3, 0xbc, 0x95, 0xea, 0x90, 0xd1, 0xdf, 0xdb, 0xbf, 0x2e, 
    0x9d, 0x16, 0xc9, 0xed, 0x4c, 0xb3, 0xc4, 0x4d, 0x53, 0xd0, 0xab, 0x0b, 0xb3, 
    0x8d, 0xad, 0x88, 0x38, 0x90, 0xad, 0x6f, 0x7c, 0x9a, 0xfc, 0xfd, 0xb8, 0xde, 
    0x61, 0xac, 0x7e, 0xfb, 0x61, 0x66, 0x1e, 0x5f, 0x1d, 0x62, 0x36, 0x7a, 0x55, 
    0xc0, 0x3b, 0x32, 0xba, 0xfe, 0x70, 0x10, 0xcd, 0x6f, 0x64, 0x07, 0x8f, 0xbe, 
    0x3f, 0x94, 0xa6, 0xa4, 0x0f, 0x66, 0xcb, 0x9d, 0xc1, 0xde, 0xd8, 0x31, 0x3e, 
    0xee, 0x65, 0x3b, 0xd7, 0xa1, 0x69, 0xae, 0x45, 0xfb, 0x4c, 0xf4, 0x0c, 0x45, 
    0xc4, 0x0f, 0x69, 0x66, 0xb3, 0x7b, 0x55, 0x67, 0x91, 0x66, 0xa9, 0x57, 0xb3, 
    0x5f, 0x18, 0xb3, 0x02, 0x9e, 0xa9, 0xd1, 0x2b, 0xe7, 0x0e, 0xa4, 0x29, 0xe7, 
    0x89, 0xd9, 0xf4, 0xc3, 0x46, 0xdf, 0x4f, 0xcc, 0xa6, 0x0f, 0x1b, 0xfd, 0x19, 
    0xf5, 0xdf, 0xe4, 0x67, 0xa2, 0xa7, 0xba, 0x59, 0xec, 0xf6, 0xc2, 0x6c, 0x9d, 
    0x12, 0x11, 0xc3, 0x3b, 0x21, 0x68, 0x1c, 0x7c, 0x3a, 0x33, 0x5f, 0x5f, 0x1d, 
    0x62, 0xb6, 0x06, 0x59, 0xc0, 0x33, 0x31, 0xda, 0x48, 0xba, 0x4f, 0x0f, 0xbc, 
    0x6b, 0xee, 0xd6, 0x32, 0xf5, 0x75, 0xe8, 0xc9, 0xcf, 0x44, 0xf7, 0xe2, 0xae, 
    0xca, 0xf9, 0xb2, 0x80, 0xd5, 0x43, 0x97, 0x00, 0x27, 0xf6, 0xf1, 0x7e, 0x11, 
    0x9f, 0x03, 0x96, 0x60, 0x4f, 0xe0, 0xd1, 0xa3, 0xcf, 0x54, 0x36, 0x8d, 0x9e, 
    0x89, 0x9e, 0x6e, 0xa9, 0x7b, 0x65, 0x66, 0xae, 0x6b, 0x23, 0xa8, 0x3a, 0xe7, 
    0x3e, 0x9a, 0x1b, 0x9f, 0x2e, 0x01, 0x7e, 0x0a, 0xbc, 0x01, 0x97, 0xef, 0xdb, 
    0x74, 0x3d, 0xf0, 0xbc, 0x3e, 0x96, 0x2f, 0x58, 0xc0, 0x5d, 0x73, 0x21, 0xcd, 
    0x0d, 0x2e, 0x87, 0x02, 0xbb, 0x17, 0x67, 0xd1, 0x16, 0xbb, 0xd0, 0xdc, 0xed, 
    0xb9, 0x6c, 0xba, 0x3f, 0x10, 0x11, 0x37, 0xb3, 0xf5, 0x8b, 0x4a, 0xb6, 0xbd, 
    0x59, 0xac, 0x37, 0xaf, 0xc7, 0xd3, 0x94, 0x36, 0x01, 0x57, 0x03, 0x97, 0x02, 
    0x17, 0x8f, 0xbe, 0x5e, 0x06, 0x5c, 0x31, 0xf9, 0x85, 0x34, 0x11, 0xf1, 0x25, 
    0xe0, 0xeb, 0x0c, 0xf3, 0x2d, 0x5d, 0x6d, 0xbb, 0x9e, 0xe6, 0xba, 0xef, 0x8a, 
    0xea, 0x20, 0x73, 0xe5, 0x12, 0xf4, 0x34, 0x8a, 0x96, 0xa0, 0x1f, 0x9f, 0x99, 
    0x17, 0x8c, 0x8e, 0xbf, 0x27, 0x5b, 0xdf, 0x38, 0x76, 0x08, 0xcd, 0xcd, 0x63, 
    0xdb, 0x5e, 0xb7, 0xf6, 0xb7, 0xed, 0x7e, 0x58, 0x4f, 0x53, 0xc8, 0xff, 0x9c, 
    0x99, 0xef, 0xa8, 0x0e, 0x33, 0x1d, 0x97, 0xa0, 0xd9, 0x08, 0x5c, 0x4e, 0x53, 
    0xae, 0x97, 0xd1, 0xcc, 0x6c, 0x2f, 0x05, 0xae, 0xcc, 0xcc, 0x8d, 0x33, 0xf9, 
    0x3f, 0x10, 0x11, 0x8f, 0xa0, 0x79, 0x3e, 0xf7, 0xe8, 0xc5, 0x0a, 0x29, 0x2e, 
    0x04, 0x7e, 0x35, 0x33, 0xaf, 0xad, 0x0e, 0x32, 0x1f, 0xce, 0x80, 0x3b, 0x2a, 
    0x33, 0xd7, 0x02, 0x57, 0x8c, 0x3e, 0xd3, 0x1a, 0xbd, 0xc6, 0x6f, 0xe2, 0xc6, 
    0xb1, 0x89, 0xaf, 0xdb, 0xde, 0x05, 0xfe, 0x10, 0x7c, 0x44, 0xab, 0xda, 0x52, 
    0x9a, 0x47, 0x79, 0x7c, 0x6c, 0xaa, 0x1b, 0x36, 0xd0, 0x14, 0xed, 0x44, 0xc1, 
    0x5e, 0x36, 0xfa, 0x7a, 0xd5, 0x7c, 0x5f, 0x0e, 0x93, 0x99, 0x57, 0x46, 0xc4, 
    0x93, 0x81, 0x8f, 0x02, 0xaf, 0x9d, 0x67, 0x4e, 0x3d, 0xd0, 0xa7, 0x80, 0xb7, 
    0x8f, 0xc3, 0xbe, 0xe9, 0x16, 0x70, 0xcf, 0x8d, 0xae, 0x3d, 0x5e, 0x35, 0xfa, 
    0x4c, 0x6b, 0xf4, 0x88, 0xd6, 0xc4, 0x6c, 0x7a, 0xe2, 0xf9, 0xe9, 0xc9, 0xb3, 
    0xe9, 0x89, 0xe2, 0xf6, 0x11, 0x2d, 0x8d, 0x93, 0xbb, 0x69, 0x7e, 0x89, 0x9d, 
    0x28, 0xda, 0x89, 0x25, 0xe4, 0x95, 0x8b, 0x79, 0x63, 0xdd, 0xe8, 0x9a, 0xe4, 
    0xeb, 0x22, 0xe2, 0xef, 0x80, 0x3f, 0xa7, 0xf9, 0xe5, 0x4b, 0xf3, 0x73, 0x0d, 
    0xf0, 0x3b, 0x99, 0xf9, 0xb5, 0xea, 0x20, 0x0b, 0xc5, 0x02, 0x1e, 0x88, 0xcc, 
    0xdc, 0x00, 0xac, 0x18, 0x7d, 0xa6, 0x35, 0x7a, 0x44, 0x6b, 0xe2, 0xb9, 0xe9, 
    0xc9, 0x2f, 0x3c, 0x99, 0x5c, 0xd4, 0x13, 0xcb, 0xe1, 0x3b, 0x2d, 0x5a, 0x60, 
    0x69, 0x76, 0xd6, 0xb2, 0xa5, 0x60, 0x27, 0x66, 0xb4, 0x97, 0xd0, 0x14, 0x6d, 
    0xd9, 0xb2, 0x7a, 0x66, 0x7e, 0x23, 0x22, 0x1e, 0x4b, 0xf3, 0x7e, 0xe4, 0x77, 
    0x03, 0x0f, 0xaf, 0xca, 0xd2, 0x63, 0xb7, 0x02, 0xef, 0x07, 0x4e, 0x19, 0xb7, 
    0x9b, 0x1d, 0x2d, 0x60, 0x6d, 0x65, 0x74, 0x9d, 0x6b, 0xd5, 0xe8, 0x33, 0xad, 
    0xd1, 0x7b, 0x7f, 0x0f, 0x64, 0xeb, 0xa5, 0xee, 0x89, 0x59, 0xf4, 0xe4, 0xeb, 
    0xd6, 0x0f, 0xc5, 0x9f, 0x33, 0x2d, 0x9c, 0x3b, 0xd8, 0x32, 0x9b, 0x9d, 0xf8, 
    0x7a, 0x79, 0x97, 0xaf, 0x05, 0x8e, 0x5e, 0x04, 0xf3, 0x89, 0x88, 0xf8, 0x2c, 
    0xf0, 0x52, 0xe0, 0x6d, 0xc0, 0xe3, 0x2a, 0x33, 0xf5, 0xc4, 0x0a, 0xe0, 0x63, 
    0x34, 0xcf, 0xf8, 0xf6, 0xf2, 0x2e, 0xe7, 0x1d, 0xf1, 0xc4, 0xa8, 0x39, 0x19, 
    0x2d, 0xdf, 0xad, 0x66, 0x06, 0xd7, 0x34, 0x23, 0xe2, 0x21, 0x6c, 0x99, 0x41, 
    0x3f, 0x8e, 0x66, 0x93, 0xee, 0x27, 0xd3, 0xec, 0x8e, 0x13, 0x8b, 0x97, 0x52, 
    0x3d, 0x76, 0x0b, 0x4d, 0xc1, 0x5e, 0xce, 0xa4, 0x3b, 0x8f, 0xfb, 0xfc, 0xea, 
    0xd1, 0x51, 0x11, 0x9f, 0x06, 0x9c, 0x16, 0x11, 0x4f, 0x00, 0x5e, 0x01, 0xbc, 
    0x88, 0x66, 0x5c, 0xa8, 0x71, 0x37, 0xcd, 0x36, 0x86, 0x9f, 0xa5, 0xd9, 0x60, 
    0x62, 0xac, 0xf7, 0x24, 0xb7, 0x80, 0x35, 0x6f, 0x11, 0xb1, 0x13, 0xcd, 0x92, 
    0xf4, 0xb6, 0x37, 0x7e, 0x1d, 0xc2, 0x03, 0xaf, 0x3b, 0xfb, 0xb2, 0x7e, 0x4d, 
    0x76, 0x13, 0x5b, 0x0a, 0x76, 0xa2, 0x6c, 0x2f, 0x19, 0xf7, 0xc7, 0xb6, 0x32, 
    0xf3, 0x7c, 0xe0, 0xfc, 0x88, 0x78, 0x3b, 0x70, 0x3c, 0xf0, 0x5c, 0xe0, 0x99, 
    0xc0, 0x09, 0x0c, 0x6f, 0xd7, 0xa8, 0x6b, 0x80, 0x7f, 0x05, 0xbe, 0x0a, 0x7c, 
    0x63, 0x48, 0xfb, 0x8c, 0x5b, 0xc0, 0x9a, 0xd6, 0x0c, 0x5f, 0xd9, 0xe9, 0xf5, 
    0x60, 0xcd, 0xc4, 0x2a, 0xb6, 0xdc, 0x75, 0x7c, 0xff, 0x9d, 0xc7, 0x99, 0x79, 
    0x5b, 0x69, 0xaa, 0x62, 0xa3, 0xeb, 0xd3, 0xe7, 0x8d, 0x3e, 0xff, 0x23, 0x22, 
    0xf6, 0x00, 0x9e, 0x04, 0x9c, 0x08, 0x3c, 0x01, 0x78, 0x0c, 0xcd, 0x26, 0x18, 
    0xe3, 0x52, 0xca, 0xb7, 0x01, 0x17, 0xd1, 0x3c, 0xe2, 0x79, 0x1e, 0x70, 0x6e, 
    0x66, 0x5e, 0x57, 0x1b, 0xa9, 0x8e, 0x05, 0x3c, 0x40, 0x6e, 0x5a, 0xa1, 0x45, 
    0xb4, 0x92, 0xa6, 0x60, 0xaf, 0x60, 0xcb, 0x0b, 0x2b, 0x2e, 0xcd, 0xcc, 0x3b, 
    0x4b, 0x53, 0xf5, 0xc4, 0xe8, 0x5a, 0xe7, 0xd9, 0xa3, 0x0f, 0x70, 0xff, 0x78, 
    0xfd, 0x39, 0x9a, 0x9d, 0xa8, 0x96, 0xd1, 0x8c, 0xd5, 0x89, 0x15, 0xa5, 0xfd, 
    0x26, 0x7d, 0x02, 0xd8, 0x83, 0xf6, 0xcb, 0x7a, 0x03, 0xcd, 0x73, 0xee, 0xf7, 
    0xd2, 0x14, 0xec, 0x6d, 0x34, 0x97, 0x10, 0x6e, 0xa0, 0xf9, 0xc5, 0xeb, 0x3a, 
    0x9a, 0xa7, 0x34, 0x7e, 0x9a, 0x99, 0x3f, 0x6b, 0x39, 0x5b, 0xa7, 0x59, 0xc0, 
    0x63, 0x64, 0xd2, 0x33, 0xc1, 0x93, 0xb7, 0x68, 0x74, 0xdb, 0x46, 0x2d, 0xb4, 
    0xa4, 0xb9, 0x41, 0xe6, 0xfe, 0x82, 0x65, 0xf4, 0xe2, 0x8a, 0x71, 0xbd, 0x59, 
    0xa6, 0xd2, 0xe8, 0x09, 0x86, 0xcb, 0x47, 0x9f, 0x19, 0x89, 0x88, 0xdd, 0x58, 
    0xfc, 0x6d, 0x23, 0xef, 0x9a, 0xef, 0x33, 0xd3, 0x43, 0x67, 0x01, 0xf7, 0xc0, 
    0x68, 0x59, 0x6a, 0xe2, 0x7a, 0xea, 0xe4, 0xc7, 0x81, 0xb6, 0x9d, 0xb5, 0xee, 
    0x5d, 0x95, 0x51, 0x63, 0x69, 0x33, 0xcd, 0xcc, 0x65, 0xf2, 0x0b, 0x2b, 0x2e, 
    0xa1, 0x79, 0xfd, 0xe2, 0x58, 0x3d, 0x0e, 0x32, 0x6e, 0x46, 0x37, 0x7c, 0xb9, 
    0x0d, 0x67, 0xc7, 0x59, 0xc0, 0xdd, 0xf2, 0xea, 0x88, 0xd8, 0xcc, 0x03, 0x9f, 
    0xbd, 0x7d, 0x70, 0x69, 0x2a, 0xcd, 0xc6, 0xbd, 0x34, 0x4b, 0x6e, 0x93, 0x77, 
    0x55, 0xda, 0xf6, 0x1d, 0xd1, 0x5d, 0xf6, 0x5e, 0xb6, 0xbc, 0x15, 0xea, 0x72, 
    0xf7, 0x52, 0x96, 0x16, 0x8f, 0xef, 0x82, 0x9e, 0x86, 0xdb, 0x11, 0x6a, 0x1a, 
    0x6b, 0x78, 0x60, 0xa9, 0x4e, 0xde, 0x7c, 0x61, 0x75, 0xe5, 0x8b, 0x1f, 0x24, 
    0xf5, 0x87, 0x33, 0x60, 0x69, 0x8b, 0xfb, 0x80, 0x1b, 0x79, 0x60, 0xa9, 0xde, 
    0x5f, 0xb8, 0xde, 0x4c, 0x24, 0x69, 0xa1, 0x0c, 0xbe, 0x80, 0x23, 0x62, 0x17, 
    0xb6, 0x3c, 0xb3, 0x3a, 0x71, 0xa3, 0xd2, 0xc3, 0x98, 0x7e, 0x6f, 0x58, 0xf5, 
    0xd7, 0x3a, 0xa6, 0x5f, 0x1a, 0x5e, 0x09, 0x5c, 0x3f, 0xd3, 0x1d, 0x6f, 0x24, 
    0x69, 0xbe, 0xc6, 0xb6, 0x80, 0x47, 0x77, 0x01, 0x6e, 0xbb, 0xd1, 0xc0, 0xe4, 
    0x67, 0x57, 0x27, 0x6e, 0x5e, 0x7a, 0x08, 0xbe, 0x8d, 0x69, 0x5c, 0x4c, 0xec, 
    0xc9, 0xbb, 0xed, 0x7e, 0xbc, 0xee, 0xc9, 0x2b, 0xa9, 0x73, 0x7a, 0x57, 0xc0, 
    0x11, 0xb1, 0x94, 0x99, 0xbd, 0x71, 0xe9, 0xc0, 0xaa, 0x8c, 0x5a, 0x14, 0x9b, 
    0x68, 0x9e, 0x29, 0x9c, 0xf6, 0xfa, 0xab, 0x77, 0xe6, 0x4a, 0xea, 0x93, 0x5e, 
    0x15, 0x70, 0x44, 0x7c, 0x0d, 0x78, 0x76, 0x75, 0x0e, 0x2d, 0x8a, 0xb5, 0x4c, 
    0x7d, 0x53, 0xd3, 0xc4, 0xf7, 0x37, 0x8c, 0xfb, 0x7b, 0x61, 0x25, 0x0d, 0x4b, 
    0xaf, 0x0a, 0x18, 0xd8, 0xbd, 0x3a, 0x80, 0xe6, 0xec, 0x46, 0xa6, 0x2e, 0xd8, 
    0x89, 0xd9, 0xeb, 0x9a, 0xba, 0x68, 0x92, 0xd4, 0xbe, 0xbe, 0x15, 0xb0, 0xba, 
    0xe9, 0x5e, 0xa6, 0x28, 0xd5, 0x49, 0x5f, 0xaf, 0xf3, 0x79, 0x52, 0x49, 0xda, 
    0x9a, 0x05, 0xac, 0x99, 0xb8, 0x8d, 0xe9, 0xcb, 0xf5, 0xda, 0x3e, 0x6f, 0x11, 
    0x27, 0x49, 0x55, 0x2c, 0x60, 0x6d, 0xa6, 0x79, 0x69, 0xfa, 0x54, 0xe5, 0x3a, 
    0x51, 0xb0, 0xbe, 0xdf, 0x57, 0x92, 0x16, 0x98, 0x05, 0x3c, 0xfe, 0xee, 0x61, 
    0x4b, 0xa9, 0xae, 0xe0, 0x81, 0xaf, 0x45, 0xbc, 0xde, 0x17, 0xaa, 0x4b, 0x52, 
    0xfb, 0x2c, 0xe0, 0xfe, 0xbb, 0x89, 0x07, 0x96, 0xea, 0xe4, 0x9b, 0x9b, 0x6e, 
    0x2d, 0xcc, 0x26, 0x49, 0x9a, 0x86, 0x05, 0xdc, 0x6d, 0x1b, 0xd9, 0xfa, 0xc5, 
    0xfe, 0x53, 0x5d, 0x7f, 0x5d, 0x5f, 0x17, 0x4f, 0x92, 0x34, 0x57, 0x16, 0x70, 
    0xad, 0x3b, 0x98, 0xba, 0x5c, 0x57, 0x8c, 0xbe, 0xae, 0xf6, 0xd9, 0x57, 0xb5, 
    0x29, 0x22, 0x4e, 0xad, 0xce, 0x20, 0xcd, 0xd3, 0x99, 0x99, 0x79, 0x66, 0x75, 
    0x88, 0x99, 0xb0, 0x80, 0x17, 0x4f, 0xb2, 0xe5, 0xc5, 0xfe, 0x53, 0x5d, 0x7f, 
    0x5d, 0xe9, 0x8b, 0xfd, 0xd5, 0x41, 0xaf, 0xac, 0x0e, 0x20, 0xcd, 0xd3, 0x0a, 
    0xe0, 0xcc, 0xe2, 0x0c, 0x33, 0x62, 0x01, 0xcf, 0xdd, 0x06, 0xa6, 0x28, 0xd5, 
    0x49, 0x7f, 0x7d, 0x9d, 0x2f, 0xf6, 0x97, 0x24, 0x4d, 0xc7, 0x02, 0x9e, 0xde, 
    0xad, 0x4c, 0xbf, 0xa1, 0xfa, 0xca, 0xcc, 0xfc, 0x59, 0x61, 0x36, 0x49, 0x52, 
    0xcf, 0x0d, 0xb5, 0x80, 0x37, 0x01, 0xd7, 0x33, 0xf5, 0xcc, 0x75, 0x05, 0xcd, 
    0xcd, 0x4d, 0xf7, 0x94, 0xa5, 0x93, 0x24, 0x8d, 0xbd, 0x71, 0x2d, 0xe0, 0xbb, 
    0x98, 0xa2, 0x54, 0xd9, 0x52, 0xb8, 0x37, 0x64, 0xe6, 0xe6, 0xb2, 0x74, 0x92, 
    0xa4, 0xc1, 0xeb, 0x6b, 0x01, 0xdf, 0xc4, 0x76, 0xae, 0xbf, 0x66, 0xe6, 0x6d, 
    0x75, 0xd1, 0x24, 0x49, 0xda, 0xb1, 0xbe, 0x15, 0xf0, 0x4b, 0x80, 0xdb, 0x33, 
    0x73, 0x43, 0x75, 0x10, 0x49, 0x92, 0xe6, 0xa3, 0x57, 0x05, 0xec, 0x4b, 0xff, 
    0x25, 0x49, 0xe3, 0x62, 0xa7, 0xea, 0x00, 0x92, 0x24, 0x0d, 0x91, 0x05, 0x2c, 
    0x49, 0x52, 0x01, 0x0b, 0x58, 0x92, 0xa4, 0x02, 0x16, 0xb0, 0x24, 0x49, 0x05, 
    0x2c, 0x60, 0x49, 0x92, 0x0a, 0x58, 0xc0, 0x92, 0x24, 0x15, 0xe8, 0xd5, 0x63, 
    0x48, 0x92, 0xc6, 0xd2, 0x65, 0xc0, 0x0f, 0xaa, 0x43, 0xcc, 0xc2, 0xf1, 0xc0, 
    0xa3, 0x5a, 0x3e, 0xe6, 0x46, 0xe0, 0xf3, 0x2d, 0x1f, 0x73, 0xbe, 0x76, 0x03, 
    0x5e, 0x5a, 0x1d, 0xa2, 0xcb, 0x2c, 0x60, 0x49, 0xd5, 0xfe, 0x35, 0x33, 0xdf, 
    0x56, 0x1d, 0x62, 0xa6, 0x22, 0xe2, 0xa3, 0xb4, 0x5f, 0xc0, 0xf7, 0x64, 0xe6, 
    0xab, 0x5a, 0x3e, 0xe6, 0xbc, 0x44, 0xc4, 0x3e, 0x58, 0xc0, 0xdb, 0xe5, 0x12, 
    0xb4, 0x24, 0x49, 0x05, 0x7a, 0x35, 0x03, 0x8e, 0x88, 0x77, 0x02, 0x47, 0x57, 
    0xe7, 0x90, 0xe6, 0xe1, 0xf2, 0xcc, 0x7c, 0x7f, 0x75, 0x08, 0x49, 0xf5, 0x7a, 
    0x55, 0xc0, 0xc0, 0xb3, 0x81, 0x93, 0xab, 0x43, 0x48, 0xf3, 0xf0, 0x1d, 0xc0, 
    0x02, 0x96, 0xe4, 0x12, 0xb4, 0x24, 0x49, 0x15, 0x2c, 0x60, 0x49, 0x92, 0x0a, 
    0x58, 0xc0, 0x92, 0x24, 0x15, 0xb0, 0x80, 0x25, 0x49, 0x2a, 0x60, 0x01, 0x4b, 
    0x92, 0x54, 0xc0, 0x02, 0x96, 0x24, 0xa9, 0x80, 0x05, 0x2c, 0x49, 0x52, 0x01, 
    0x0b, 0x58, 0x92, 0xa4, 0x02, 0x16, 0xb0, 0x24, 0x49, 0x05, 0x2c, 0x60, 0x49, 
    0x92, 0x0a, 0x58, 0xc0, 0x92, 0x24, 0x15, 0xb0, 0x80, 0x25, 0x49, 0x2a, 0x60, 
    0x01, 0x4b, 0x92, 0x54, 0xa0, 0x6f, 0xbb, 0x21, 0x55, 0x38, 0x0b, 0xb8, 0xb6, 
    0x3a, 0x84, 0xc6, 0xc6, 0xe5, 0xd5, 0x01, 0x24, 0x75, 0x83, 0x05, 0xbc, 0x63, 
    0x1f, 0xcf, 0xcc, 0x33, 0xab, 0x43, 0x48, 0x92, 0xc6, 0x8b, 0x4b, 0xd0, 0x92, 
    0x24, 0x15, 0x70, 0x06, 0x2c, 0x49, 0xb3, 0x73, 0x3d, 0x70, 0x61, 0xcb, 0xc7, 
    0x5c, 0xdb, 0xf2, 0xf1, 0xd4, 0x02, 0x0b, 0x58, 0x92, 0x66, 0x21, 0x33, 0x3f, 
    0x08, 0x7c, 0xb0, 0x3a, 0x87, 0xfa, 0xcf, 0x25, 0x68, 0x49, 0x92, 0x0a, 0x38, 
    0x03, 0x96, 0x34, 0xd9, 0xca, 0x82, 0x63, 0xde, 0x56, 0x70, 0x4c, 0x2d, 0xbe, 
    0xfb, 0xa8, 0xf9, 0x79, 0x5a, 0x53, 0x70, 0xcc, 0x39, 0xb1, 0x80, 0x25, 0xdd, 
    0x2f, 0x33, 0x97, 0x55, 0x67, 0xd0, 0x78, 0xc8, 0xcc, 0x3b, 0x81, 0x65, 0xd5, 
    0x39, 0xba, 0xcc, 0x25, 0x68, 0x49, 0x92, 0x0a, 0x58, 0xc0, 0x92, 0x24, 0x15, 
    0xb0, 0x80, 0x25, 0x49, 0x2a, 0x60, 0x01, 0x4b, 0x92, 0x54, 0xc0, 0x02, 0x96, 
    0x24, 0xa9, 0x80, 0x05, 0x2c, 0x49, 0x52, 0x01, 0x0b, 0x58, 0x92, 0xa4, 0x02, 
    0x16, 0xb0, 0x24, 0x49, 0x05, 0x2c, 0x60, 0x49, 0x92, 0x0a, 0x58, 0xc0, 0x92, 
    0x24, 0x15, 0xb0, 0x80, 0x25, 0x49, 0x2a, 0x60, 0x01, 0x4b, 0x92, 0x54, 0xc0, 
    0x02, 0x96, 0x24, 0xa9, 0x80, 0x05, 0x2c, 0x49, 0x52, 0x01, 0x0b, 0x58, 0x92, 
    0xa4, 0x02, 0x7d, 0xdb, 0x0f, 0xf8, 0x1c, 0xda, 0xdf, 0x6c, 0xf9, 0xc6, 0x96, 
    0x8f, 0x27, 0x49, 0x1a, 0x80, 0xc8, 0xcc, 0xea, 0x0c, 0x92, 0x24, 0x0d, 0x8e, 
    0x4b, 0xd0, 0x92, 0x24, 0x15, 0xb0, 0x80, 0x25, 0x49, 0x2a, 0x60, 0x01, 0x4b, 
    0x92, 0x54, 0xc0, 0x02, 0x96, 0x24, 0xa9, 0x80, 0x05, 0x2c, 0x49, 0x52, 0x01, 
    0x0b, 0x58, 0x92, 0xa4, 0x02, 0x16, 0xb0, 0x24, 0x49, 0x05, 0x2c, 0x60, 0x49, 
    0x92, 0x0a, 0x58, 0xc0, 0x92, 0x24, 0x15, 0xb0, 0x80, 0x25, 0x49, 0x2a, 0x60, 
    0x01, 0x4b, 0x92, 0x54, 0xa0, 0x57, 0x9b, 0x31, 0x44, 0xc4, 0x3b, 0x81, 0xa3, 
    0xab, 0x73, 0x48, 0xf3, 0x70, 0x79, 0x66, 0xbe, 0xbf, 0x3a, 0x84, 0xa4, 0x7a, 
    0xbd, 0xda, 0x8c, 0x21, 0x22, 0xce, 0x06, 0x4e, 0xae, 0xce, 0x21, 0xcd, 0xc3, 
    0x77, 0x32, 0xf3, 0x69, 0xd5, 0x21, 0x24, 0xd5, 0x73, 0x09, 0x5a, 0x92, 0xa4, 
    0x02, 0x16, 0xb0, 0x24, 0x49, 0x05, 0x2c, 0x60, 0x49, 0x92, 0x0a, 0x58, 0xc0, 
    0x92, 0x24, 0x15, 0xb0, 0x80, 0x25, 0x49, 0x2a, 0x60, 0x01, 0x4b, 0x92, 0x54, 
    0xc0, 0x02, 0x96, 0x24, 0xa9, 0x80, 0x05, 0x2c, 0x49, 0x52, 0x01, 0x0b, 0x58, 
    0x92, 0xa4, 0x02, 0x16, 0xb0, 0x24, 0x49, 0x05, 0x2c, 0x60, 0x49, 0x92, 0x0a, 
    0x58, 0xc0, 0x92, 0x24, 0x15, 0xb0, 0x80, 0x25, 0x49, 0x2a, 0xd0, 0xab, 0xed, 
    0x08, 0x8b, 0x9c, 0x05, 0x5c, 0x5b, 0x1d, 0x42, 0x63, 0xe3, 0xf2, 0xea, 0x00, 
    0x92, 0xba, 0xc1, 0x02, 0xde, 0xb1, 0x8f, 0x67, 0xe6, 0x99, 0xd5, 0x21, 0x24, 
    0x49, 0xe3, 0xc5, 0x25, 0x68, 0x49, 0x92, 0x0a, 0x58, 0xc0, 0x92, 0x24, 0x15, 
    0xb0, 0x80, 0x25, 0x49, 0x2a, 0x60, 0x01, 0x4b, 0x92, 0x54, 0xc0, 0x02, 0x96, 
    0x24, 0xa9, 0x80, 0x05, 0x2c, 0x49, 0x52, 0x01, 0x0b, 0x58, 0x92, 0xa4, 0x02, 
    0x16, 0xb0, 0x24, 0x49, 0x05, 0x2c, 0x60, 0x49, 0x92, 0x0a, 0x58, 0xc0, 0x92, 
    0x24, 0x15, 0xb0, 0x80, 0x25, 0x49, 0x2a, 0x60, 0x01, 0x4b, 0x92, 0x54, 0xc0, 
    0x02, 0x96, 0x24, 0xa9, 0x80, 0x05, 0x2c, 0x49, 0x52, 0x01, 0x0b, 0x58, 0x92, 
    0xa4, 0x02, 0x16, 0xb0, 0x24, 0x49, 0x05, 0x2c, 0x60, 0x49, 0x92, 0x0a, 0x58, 
    0xc0, 0x92, 0x24, 0x15, 0xb0, 0x80, 0x25, 0x49, 0x2a, 0x60, 0x01, 0x4b, 0x92, 
    0x54, 0xc0, 0x02, 0x96, 0x24, 0xa9, 0xc0, 0x2e, 0xd5, 0x01, 0x66, 0xe9, 0x1c, 
    0x60, 0x4d, 0xcb, 0xc7, 0xbc, 0xb1, 0xe5, 0xe3, 0x49, 0x92, 0x06, 0x20, 0x32, 
    0xb3, 0x3a, 0x83, 0x24, 0x49, 0x83, 0xe3, 0x12, 0xb4, 0x24, 0x49, 0x05, 0x2c, 
    0x60, 0x49, 0x92, 0x0a, 0x58, 0xc0, 0x92, 0x24, 0x15, 0xb0, 0x80, 0x25, 0x49, 
    0x2a, 0x60, 0x01, 0x4b, 0x92, 0x54, 0xc0, 0x02, 0x96, 0x24, 0xa9, 0x80, 0x05, 
    0x2c, 0x49, 0x52, 0x01, 0x0b, 0x58, 0x92, 0xa4, 0x02, 0x16, 0xb0, 0x24, 0x49, 
    0x05, 0x2c, 0x60, 0x49, 0x92, 0x0a, 0x58, 0xc0, 0x92, 0x24, 0x15, 0xb0, 0x80, 
    0x25, 0x49, 0x2a, 0x60, 0x01, 0x4b, 0x92, 0x54, 0xc0, 0x02, 0x96, 0x24, 0xa9, 
    0x80, 0x05, 0x2c, 0x49, 0x52, 0x01, 0x0b, 0x58, 0x92, 0xa4, 0x02, 0x16, 0xb0, 
    0x24, 0x49, 0x05, 0x2c, 0x60, 0x49, 0x92, 0x0a, 0x58, 0xc0, 0x92, 0x24, 0x15, 
    0xb0, 0x80, 0x25, 0x49, 0x2a, 0x60, 0x01, 0x4b, 0x92, 0x54, 0xc0, 0x02, 0x96, 
    0x24, 0xa9, 0x80, 0x05, 0x2c, 0x49, 0x52, 0x01, 0x0b, 0x58, 0x92, 0xa4, 0x02, 
    0x16, 0xb0, 0x24, 0x49, 0x05, 0x2c, 0x60, 0x49, 0x92, 0x0a, 0x58, 0xc0, 0x92, 
    0x24, 0x15, 0xb0, 0x80, 0x25, 0x49, 0x2a, 0x60, 0x01, 0x4b, 0x92, 0x54, 0xc0, 
    0x02, 0x96, 0x24, 0xa9, 0x80, 0x05, 0x2c, 0x49, 0x52, 0x01, 0x0b, 0x58, 0x92, 
    0xa4, 0x02, 0x16, 0xb0, 0x24, 0x49, 0x05, 0x2c, 0x60, 0x49, 0x92, 0x0a, 0xec, 
    0x52, 0x1d, 0x40, 0x1a, 0xac, 0x88, 0xfd, 0x81, 0xc3, 0x81, 0x83, 0x80, 0xfd, 
    0xb7, 0xf9, 0x1c, 0x30, 0xfa, 0xec, 0x05, 0x2c, 0x05, 0x76, 0x1f, 0xfd, 0x5b, 
    0x7b, 0xd3, 0xfc, 0xe2, 0xbc, 0x0b, 0xb0, 0xe7, 0xe8, 0xef, 0xad, 0x05, 0x36, 
    0x01, 0xf7, 0x01, 0x77, 0x8c, 0xfe, 0xde, 0x3a, 0x60, 0x3d, 0x70, 0x27, 0x70, 
    0xcb, 0xe8, 0x73, 0xeb, 0x36, 0x9f, 0xd5, 0xc0, 0x4a, 0x32, 0x6f, 0x5d, 0xac, 
    0xff, 0x17, 0x25, 0x4d, 0x2f, 0x32, 0xb3, 0x3a, 0x83, 0x34, 0x9e, 0x22, 0x76, 
    0x06, 0x8e, 0x04, 0x1e, 0x05, 0x2c, 0x03, 0x8e, 0x00, 0x7e, 0x6e, 0xf4, 0xfd, 
    0x32, 0xb6, 0x14, 0x68, 0xb5, 0xb5, 0xc0, 0x8a, 0xd1, 0xe7, 0x3f, 0x80, 0x6b, 
    0x46, 0xdf, 0x5f, 0x06, 0x5c, 0x4d, 0xe6, 0xe6, 0xaa, 0x60, 0xd2, 0x38, 0xb3, 
    0x80, 0xa5, 0x85, 0x10, 0x71, 0x00, 0x70, 0x1c, 0xf0, 0x98, 0xd1, 0xe7, 0xb1, 
    0xc0, 0xa3, 0xd9, 0x32, 0x73, 0xed, 0xab, 0x75, 0xc0, 0x25, 0xc0, 0x45, 0xc0, 
    0x4f, 0x46, 0x9f, 0x0b, 0xc9, 0xbc, 0xa5, 0x34, 0x95, 0x34, 0x06, 0x2c, 0x60, 
    0x69, 0xb6, 0x22, 0x76, 0xa1, 0x29, 0xdb, 0x93, 0x46, 0x9f, 0x9f, 0x07, 0x0e, 
    0x29, 0xcd, 0xd4, 0xbe, 0xeb, 0x81, 0xef, 0x02, 0xe7, 0x8e, 0x3e, 0x17, 0x92, 
    0xb9, 0xa9, 0x36, 0x92, 0xd4, 0x2f, 0x16, 0xb0, 0xb4, 0x23, 0x11, 0x4b, 0x69, 
    0x4a, 0xf6, 0xa9, 0x34, 0x85, 0x7b, 0x22, 0xb0, 0x47, 0x69, 0xa6, 0xee, 0x59, 
    0x0b, 0x9c, 0x47, 0x53, 0xc6, 0xe7, 0x00, 0xdf, 0x25, 0x73, 0x7d, 0x6d, 0x24, 
    0xa9, 0xdb, 0x2c, 0x60, 0x69, 0x2a, 0x11, 0xcb, 0x81, 0x67, 0x03, 0xbf, 0x0c, 
    0x3c, 0x0d, 0x78, 0x50, 0x69, 0x9e, 0xfe, 0xb9, 0x07, 0x38, 0x1b, 0xf8, 0x1a, 
    0xf0, 0x75, 0x32, 0xaf, 0xaa, 0x8d, 0x23, 0x75, 0x8f, 0x05, 0x2c, 0x01, 0x44, 
    0xec, 0x06, 0x3c, 0x03, 0x78, 0x2e, 0x4d, 0xf1, 0x2e, 0xaf, 0x0d, 0x34, 0x76, 
    0xae, 0x02, 0xbe, 0x0e, 0xfc, 0x33, 0xf0, 0x6d, 0x32, 0xef, 0x2d, 0xce, 0x23, 
    0x95, 0xb3, 0x80, 0x35, 0x5c, 0x11, 0xbb, 0x03, 0xcf, 0x02, 0x5e, 0x08, 0x3c, 
    0x0f, 0xd8, 0xa7, 0x34, 0xcf, 0x70, 0xac, 0x01, 0xfe, 0x0f, 0x70, 0x06, 0xf0, 
    0x2f, 0x64, 0xae, 0xab, 0x8d, 0x23, 0xd5, 0xb0, 0x80, 0x35, 0x2c, 0xcd, 0xa3, 
    0x41, 0xcf, 0x04, 0x5e, 0x0a, 0x3c, 0x9f, 0xe6, 0xb9, 0x5a, 0xd5, 0xb9, 0x03, 
    0x38, 0x13, 0xf8, 0x3c, 0xf0, 0x2d, 0x1f, 0x79, 0xd2, 0x90, 0x58, 0xc0, 0x1a, 
    0x86, 0x88, 0x23, 0x81, 0xd7, 0x01, 0xaf, 0x00, 0x0e, 0x2e, 0x4e, 0xa3, 0xa9, 
    0xdd, 0x00, 0x9c, 0x0e, 0x7c, 0x8a, 0xcc, 0xab, 0xab, 0xc3, 0x48, 0x8b, 0xcd, 
    0x02, 0xd6, 0xf8, 0x8a, 0x58, 0x02, 0xbc, 0x00, 0x78, 0x2d, 0xcd, 0xf5, 0xdd, 
    0xa8, 0x0d, 0xa4, 0x19, 0x4a, 0xe0, 0x2c, 0xe0, 0xd3, 0xc0, 0x3f, 0x90, 0xb9, 
    0xa1, 0x38, 0x8f, 0xb4, 0x28, 0x2c, 0x60, 0x8d, 0x9f, 0x88, 0x47, 0x01, 0xaf, 
    0x07, 0x5e, 0x09, 0xec, 0x57, 0x9c, 0x46, 0xf3, 0x73, 0x1b, 0x70, 0x1a, 0xcd, 
    0xac, 0xf8, 0xb2, 0xea, 0x30, 0xd2, 0x42, 0xb2, 0x80, 0x35, 0x3e, 0x22, 0x9e, 
    0x0e, 0xbc, 0x03, 0x78, 0x0e, 0xce, 0x76, 0xc7, 0x4d, 0x02, 0x5f, 0x05, 0x3e, 
    0x44, 0xe6, 0x59, 0xd5, 0x61, 0xa4, 0x85, 0x60, 0x01, 0xab, 0xdf, 0x9a, 0xb7, 
    0x52, 0xfd, 0x06, 0xf0, 0xfb, 0xc0, 0x13, 0x8b, 0xd3, 0xa8, 0x1d, 0x3f, 0x06, 
    0xfe, 0x17, 0xf0, 0x25, 0xdf, 0xbe, 0xa5, 0x3e, 0xb3, 0x80, 0xd5, 0x4f, 0x11, 
    0x7b, 0xd0, 0xdc, 0x54, 0xf5, 0x36, 0x9a, 0x1d, 0x85, 0x34, 0x3c, 0x2b, 0x81, 
    0x8f, 0xd1, 0x2c, 0x4f, 0xdf, 0x55, 0x1d, 0x46, 0x9a, 0x2d, 0x0b, 0x58, 0xfd, 
    0xd2, 0x3c, 0xbb, 0xfb, 0x66, 0xe0, 0x0f, 0x80, 0x03, 0x8b, 0xd3, 0xa8, 0x1b, 
    0x6e, 0x06, 0x3e, 0x00, 0x9c, 0xe2, 0x33, 0xc5, 0xea, 0x13, 0x0b, 0x58, 0xfd, 
    0xd0, 0xdc, 0xd1, 0xfc, 0x46, 0xe0, 0x5d, 0x34, 0xfb, 0xe7, 0x4a, 0xdb, 0x5a, 
    0x0d, 0xfc, 0x29, 0xf0, 0x97, 0xde, 0x39, 0xad, 0x3e, 0xb0, 0x80, 0xd5, 0x6d, 
    0xcd, 0x2b, 0x22, 0x5f, 0x0d, 0xfc, 0x37, 0xe0, 0xd0, 0xe2, 0x34, 0xea, 0x87, 
    0x55, 0xc0, 0xfb, 0x80, 0xbf, 0xf2, 0x95, 0x97, 0xea, 0x32, 0x0b, 0x58, 0xdd, 
    0x14, 0x11, 0x34, 0x37, 0x57, 0xfd, 0x09, 0xbe, 0x97, 0x59, 0x73, 0x73, 0x15, 
    0xf0, 0x1e, 0xe0, 0xef, 0xf1, 0x44, 0xa7, 0x0e, 0xb2, 0x80, 0xd5, 0x3d, 0x11, 
    0x27, 0x02, 0x1f, 0xa1, 0xd9, 0xf6, 0x4f, 0x9a, 0xaf, 0xef, 0x03, 0x6f, 0x27, 
    0xf3, 0xfb, 0xd5, 0x41, 0xa4, 0xc9, 0x76, 0xaa, 0x0e, 0x20, 0xdd, 0x2f, 0xe2, 
    0x61, 0x44, 0xfc, 0x15, 0xcd, 0x9e, 0xb2, 0x96, 0xaf, 0x16, 0xca, 0x89, 0xc0, 
    0xb9, 0x44, 0x9c, 0x4a, 0xc4, 0xc3, 0xaa, 0xc3, 0x48, 0x13, 0x9c, 0x01, 0xab, 
    0x5e, 0xf3, 0x2c, 0xef, 0xef, 0x02, 0xff, 0x13, 0x37, 0x47, 0xd0, 0xe2, 0xba, 
    0x03, 0x78, 0x2f, 0xf0, 0x71, 0x9f, 0x21, 0x56, 0x35, 0x0b, 0x58, 0xb5, 0x22, 
    0x1e, 0x4f, 0xf3, 0xce, 0xdf, 0x27, 0x54, 0x47, 0xd1, 0xa0, 0x9c, 0x0f, 0xbc, 
    0x9e, 0xcc, 0xf3, 0xab, 0x83, 0x68, 0xb8, 0x5c, 0x82, 0x56, 0x8d, 0x88, 0xdd, 
    0x89, 0xf8, 0x00, 0xf0, 0x03, 0x2c, 0x5f, 0xb5, 0xef, 0x09, 0xc0, 0x79, 0x44, 
    0x7c, 0x60, 0xf4, 0x6c, 0xb9, 0xd4, 0x3a, 0x67, 0xc0, 0x6a, 0x5f, 0xc4, 0x33, 
    0x80, 0x4f, 0x02, 0x47, 0x56, 0x47, 0x91, 0x80, 0xab, 0x81, 0x37, 0x90, 0xf9, 
    0xed, 0xea, 0x20, 0x1a, 0x16, 0x67, 0xc0, 0x6a, 0x4f, 0xc4, 0xde, 0x44, 0x7c, 
    0x16, 0xf8, 0x26, 0x96, 0xaf, 0xba, 0xe3, 0x48, 0xe0, 0x9b, 0x44, 0x7c, 0x96, 
    0x08, 0xef, 0x41, 0x50, 0x6b, 0x9c, 0x01, 0xab, 0x1d, 0xcd, 0x4e, 0x45, 0xa7, 
    0x02, 0x87, 0x15, 0x27, 0x91, 0xb6, 0xe7, 0x5a, 0xe0, 0xd5, 0xce, 0x86, 0xd5, 
    0x06, 0x67, 0xc0, 0x5a, 0x5c, 0x11, 0x4b, 0x88, 0xf8, 0x10, 0xcd, 0xac, 0xd7, 
    0xf2, 0x55, 0xd7, 0x1d, 0x06, 0x7c, 0x83, 0x88, 0x0f, 0x8f, 0x5e, 0x7f, 0x2a, 
    0x2d, 0x1a, 0x67, 0xc0, 0x5a, 0x3c, 0x11, 0x8f, 0x04, 0xbe, 0x00, 0x3c, 0xbe, 
    0x3a, 0x8a, 0x34, 0x07, 0x17, 0x00, 0x2f, 0x25, 0xf3, 0xf2, 0xea, 0x20, 0x1a, 
    0x4f, 0xce, 0x80, 0xb5, 0x38, 0x22, 0x5e, 0x05, 0xfc, 0x08, 0xcb, 0x57, 0xfd, 
    0xf5, 0x38, 0xe0, 0x47, 0xa3, 0x9f, 0x65, 0x69, 0xc1, 0x39, 0x03, 0xd6, 0xc2, 
    0x6a, 0x1e, 0xe9, 0xf8, 0x0b, 0xe0, 0x55, 0xc5, 0x49, 0xa4, 0x85, 0x74, 0x2a, 
    0xf0, 0xdb, 0x64, 0xde, 0x53, 0x1d, 0x44, 0xe3, 0xc3, 0x02, 0xd6, 0xc2, 0x89, 
    0x38, 0x0a, 0xf8, 0x22, 0xcd, 0xcc, 0x41, 0x1a, 0x37, 0x17, 0x02, 0x2f, 0x22, 
    0xf3, 0xa7, 0xd5, 0x41, 0x34, 0x1e, 0x5c, 0x82, 0xd6, 0xc2, 0x88, 0x78, 0x0e, 
    0xcd, 0x4b, 0x35, 0x1e, 0x57, 0x9c, 0x44, 0x5a, 0x2c, 0xc7, 0x01, 0x3f, 0x24, 
    0xe2, 0xb9, 0xd5, 0x41, 0x34, 0x1e, 0x2c, 0x60, 0xcd, 0x4f, 0x44, 0x10, 0xf1, 
    0x6e, 0xe0, 0x2b, 0xc0, 0x3e, 0xc5, 0x69, 0xa4, 0xc5, 0xb6, 0x37, 0xf0, 0x65, 
    0x22, 0xde, 0x33, 0xda, 0x32, 0x53, 0x9a, 0x33, 0x97, 0xa0, 0x35, 0x77, 0x11, 
    0x4b, 0x81, 0xd3, 0x80, 0xdf, 0xac, 0x8e, 0x22, 0x15, 0xf8, 0x22, 0xf0, 0x4a, 
    0x32, 0xd7, 0x57, 0x07, 0x51, 0x3f, 0x59, 0xc0, 0x9a, 0x9b, 0x88, 0x03, 0x80, 
    0x7f, 0x02, 0x4e, 0xaa, 0x8e, 0x22, 0x15, 0x3a, 0x17, 0xf8, 0x35, 0x32, 0x6f, 
    0xa9, 0x0e, 0xa2, 0xfe, 0xb1, 0x80, 0x35, 0x7b, 0xcd, 0xcd, 0x56, 0x5f, 0x05, 
    0x96, 0x57, 0x47, 0x91, 0x3a, 0xe0, 0x6a, 0xe0, 0x97, 0xbd, 0x39, 0x4b, 0xb3, 
    0xe5, 0x35, 0x60, 0xcd, 0x4e, 0xc4, 0x53, 0x81, 0xef, 0x61, 0xf9, 0x4a, 0x13, 
    0x8e, 0x04, 0xbe, 0x3f, 0x1a, 0x1b, 0xd2, 0x8c, 0x39, 0x03, 0xd6, 0xcc, 0x45, 
    0xbc, 0x84, 0xe6, 0x79, 0x48, 0x5f, 0xd1, 0xb7, 0xad, 0x21, 0x8d, 0x23, 0xef, 
    0x3d, 0x9a, 0xce, 0x06, 0xe0, 0x55, 0x64, 0xfe, 0x6d, 0x75, 0x10, 0xf5, 0x83, 
    0x33, 0x60, 0xcd, 0x4c, 0xc4, 0x5b, 0x80, 0xcf, 0x63, 0xf9, 0x4a, 0xd3, 0x59, 
    0x02, 0x7c, 0x7e, 0x34, 0x56, 0xa4, 0x1d, 0xb2, 0x80, 0xb5, 0x63, 0x11, 0x7f, 
    0x08, 0x7c, 0x0c, 0x70, 0xea, 0x23, 0x6d, 0x5f, 0x00, 0x1f, 0x1b, 0x8d, 0x19, 
    0x69, 0xbb, 0x5c, 0x82, 0xd6, 0xf4, 0x9a, 0xe7, 0x1c, 0x3f, 0x0c, 0xbc, 0xad, 
    0x38, 0x49, 0xf7, 0x0d, 0x69, 0x1c, 0xb9, 0x04, 0x3d, 0x53, 0x1f, 0x07, 0xde, 
    0x86, 0x27, 0x59, 0x4d, 0xc3, 0x02, 0xd6, 0xd4, 0x9a, 0xf2, 0x3d, 0x05, 0xf8, 
    0x2f, 0xd5, 0x51, 0x7a, 0x61, 0x48, 0xe3, 0xc8, 0x02, 0x9e, 0x8d, 0xff, 0x4d, 
    0xf3, 0x0e, 0xe9, 0x01, 0xfd, 0x80, 0x68, 0xa6, 0x2c, 0x60, 0x3d, 0x50, 0xc4, 
    0xce, 0xc0, 0x5f, 0x02, 0xaf, 0xad, 0x8e, 0xd2, 0x1b, 0x43, 0x1a, 0x47, 0x16, 
    0xf0, 0x6c, 0x7d, 0x06, 0x78, 0x23, 0x99, 0x9b, 0xab, 0x83, 0xa8, 0x5b, 0xbc, 
    0x06, 0xac, 0xad, 0x35, 0x33, 0x5f, 0xcb, 0x57, 0x5a, 0x38, 0xaf, 0x05, 0x3e, 
    0xe9, 0xab, 0x2b, 0xb5, 0x2d, 0x0b, 0x58, 0x5b, 0x34, 0x27, 0x88, 0xbf, 0xc0, 
    0xf2, 0x95, 0x16, 0xda, 0x6b, 0x80, 0xbf, 0xb0, 0x84, 0x35, 0x99, 0x05, 0xac, 
    0xc9, 0x3e, 0x02, 0xbc, 0xa9, 0x3a, 0x84, 0x34, 0xa6, 0xde, 0x04, 0x7c, 0xb4, 
    0x3a, 0x84, 0xba, 0xc3, 0x02, 0x56, 0xa3, 0x79, 0x6c, 0xe2, 0xad, 0xd5, 0x31, 
    0xa4, 0x31, 0xf7, 0x16, 0x1f, 0x51, 0xd2, 0x04, 0x6f, 0xc2, 0xd2, 0xc4, 0x4b, 
    0x36, 0x3e, 0x56, 0x1d, 0xa3, 0xd7, 0x86, 0x34, 0x8e, 0x5c, 0x45, 0x5d, 0x08, 
    0x6f, 0x23, 0xd3, 0x31, 0x37, 0x70, 0x16, 0xf0, 0xd0, 0x45, 0xbc, 0x0c, 0x38, 
    0x1d, 0x5f, 0xb2, 0x31, 0x3f, 0x43, 0x1a, 0x47, 0x16, 0xf0, 0x42, 0x48, 0xe0, 
    0xe5, 0x64, 0x7e, 0xae, 0x3a, 0x88, 0xea, 0x58, 0xc0, 0x43, 0x16, 0x71, 0x12, 
    0x70, 0x16, 0xb0, 0x5b, 0x75, 0x94, 0xde, 0x1b, 0xd2, 0x38, 0xb2, 0x80, 0x17, 
    0xca, 0xbd, 0x34, 0xbb, 0x28, 0x7d, 0xbb, 0x3a, 0x88, 0x6a, 0x58, 0xc0, 0x43, 
    0x15, 0xb1, 0x9c, 0x66, 0x2f, 0xd3, 0x03, 0xab, 0xa3, 0x8c, 0x85, 0x21, 0x8d, 
    0x23, 0x0b, 0x78, 0x21, 0xdd, 0x01, 0xfc, 0x3c, 0x99, 0x3f, 0xa9, 0x0e, 0xa2, 
    0xf6, 0x59, 0xc0, 0x43, 0x14, 0x71, 0x20, 0x4d, 0xf9, 0xba, 0xa5, 0xe0, 0x42, 
    0x19, 0xd2, 0x38, 0xb2, 0x80, 0x17, 0xda, 0x2a, 0xe0, 0x78, 0x32, 0x6f, 0xac, 
    0x0e, 0xa2, 0x76, 0x79, 0x17, 0xf4, 0xd0, 0x44, 0x3c, 0x08, 0xf8, 0x0a, 0x96, 
    0xaf, 0xd4, 0x15, 0x87, 0x02, 0xff, 0x38, 0x1a, 0x9b, 0x1a, 0x10, 0x0b, 0x78, 
    0x48, 0x9a, 0x97, 0x00, 0x7c, 0x0a, 0x38, 0xa1, 0x3a, 0x8a, 0xa4, 0xad, 0x9c, 
    0x00, 0x9c, 0xea, 0x8b, 0x3a, 0x86, 0xc5, 0x02, 0x1e, 0x96, 0x77, 0x00, 0xbf, 
    0x55, 0x1d, 0x42, 0xd2, 0x94, 0x5e, 0x04, 0xfc, 0xd7, 0xea, 0x10, 0x6a, 0x8f, 
    0xd7, 0x80, 0x87, 0x22, 0xe2, 0x99, 0xc0, 0xbf, 0x00, 0x3b, 0x57, 0x47, 0x19, 
    0x4b, 0x43, 0x1a, 0x47, 0x4e, 0xd2, 0x16, 0xd3, 0x66, 0xe0, 0x59, 0x64, 0x7e, 
    0xab, 0x3a, 0x88, 0x16, 0x9f, 0x05, 0x3c, 0x04, 0x11, 0x0f, 0x07, 0x7e, 0x8c, 
    0x77, 0x3c, 0x2f, 0x9e, 0x21, 0x8d, 0x23, 0x0b, 0x78, 0xb1, 0xdd, 0x0c, 0x3c, 
    0x89, 0xcc, 0x6b, 0xab, 0x83, 0x68, 0x71, 0xb9, 0x04, 0x3d, 0xee, 0x22, 0x76, 
    0x03, 0xce, 0xc0, 0xf2, 0x95, 0xfa, 0xe2, 0x40, 0xe0, 0x0c, 0x22, 0x96, 0x54, 
    0x07, 0xd1, 0xe2, 0xb2, 0x80, 0xc7, 0xdf, 0x29, 0xc0, 0x93, 0xab, 0x43, 0x48, 
    0x9a, 0x95, 0x27, 0xd1, 0x8c, 0x5d, 0x8d, 0x31, 0x97, 0xa0, 0xc7, 0x59, 0xc4, 
    0xcb, 0x81, 0xbf, 0xae, 0x8e, 0x31, 0x08, 0x43, 0x1a, 0x47, 0x2e, 0x41, 0xb7, 
    0xe9, 0x95, 0x64, 0x3a, 0x86, 0xc7, 0x94, 0x05, 0x3c, 0xae, 0x22, 0x8e, 0x00, 
    0x2e, 0x00, 0xf6, 0x2c, 0x4e, 0x32, 0x0c, 0x43, 0x1a, 0x47, 0x16, 0x70, 0x9b, 
    0xd6, 0x02, 0x8f, 0x27, 0xf3, 0xea, 0xea, 0x20, 0x5a, 0x78, 0x2e, 0x41, 0x8f, 
    0xa3, 0x88, 0x5d, 0x80, 0xcf, 0x61, 0xf9, 0x4a, 0x7d, 0xb7, 0x27, 0xf0, 0xb9, 
    0xd1, 0x98, 0xd6, 0x98, 0xb1, 0x80, 0xc7, 0xd3, 0x7f, 0x07, 0x4e, 0xac, 0x0e, 
    0x21, 0x69, 0x41, 0x9c, 0x40, 0x33, 0xa6, 0x35, 0x66, 0x5c, 0x82, 0x1e, 0x37, 
    0x11, 0x4f, 0x01, 0xbe, 0x83, 0xcf, 0xfb, 0xb6, 0x6b, 0x48, 0xe3, 0xc8, 0x25, 
    0xe8, 0x0a, 0x9b, 0x81, 0xa7, 0x91, 0x79, 0x4e, 0x75, 0x10, 0x2d, 0x1c, 0x0b, 
    0x78, 0x9c, 0x44, 0xec, 0x05, 0x5c, 0x08, 0x2c, 0x2b, 0x4e, 0x32, 0x3c, 0x43, 
    0x1a, 0x47, 0x16, 0x70, 0x95, 0x15, 0xc0, 0x71, 0x64, 0xde, 0x59, 0x1d, 0x44, 
    0x0b, 0xc3, 0x25, 0xe8, 0xf1, 0xf2, 0x31, 0x2c, 0x5f, 0x69, 0x5c, 0x2d, 0xa3, 
    0x19, 0xe3, 0x1a, 0x13, 0xce, 0x80, 0xc7, 0x45, 0xc4, 0xb3, 0x80, 0xaf, 0x57, 
    0xc7, 0x18, 0xac, 0x21, 0x8d, 0x23, 0x67, 0xc0, 0xd5, 0x9e, 0x4b, 0xe6, 0x57, 
    0xab, 0x43, 0x68, 0xfe, 0x2c, 0xe0, 0x71, 0x10, 0xb1, 0x27, 0x70, 0x31, 0x70, 
    0x58, 0x75, 0x94, 0xc1, 0x1a, 0xd2, 0x38, 0xb2, 0x80, 0xab, 0xad, 0x02, 0x8e, 
    0x25, 0xf3, 0x8e, 0xea, 0x20, 0x9a, 0x1f, 0x97, 0xa0, 0xc7, 0xc3, 0x9f, 0x62, 
    0xf9, 0x4a, 0x43, 0x71, 0x28, 0xcd, 0x98, 0x57, 0xcf, 0x39, 0x03, 0xee, 0xbb, 
    0x88, 0x13, 0x80, 0x73, 0xf1, 0x97, 0xa9, 0x5a, 0x43, 0x1a, 0x47, 0xce, 0x80, 
    0xbb, 0xe0, 0x3e, 0xe0, 0x29, 0x64, 0x7e, 0xbf, 0x3a, 0x88, 0xe6, 0xce, 0x02, 
    0xee, 0xb3, 0xe6, 0xe1, 0xfc, 0x1f, 0x01, 0xc7, 0x55, 0x47, 0x19, 0xbc, 0x21, 
    0x8d, 0x23, 0x0b, 0xb8, 0x2b, 0x2e, 0x02, 0x9e, 0x48, 0xe6, 0xa6, 0xea, 0x20, 
    0x9a, 0x1b, 0x67, 0x4d, 0xfd, 0xf6, 0x56, 0x2c, 0x5f, 0x69, 0xa8, 0x1e, 0x4b, 
    0x73, 0x0e, 0x50, 0x4f, 0x39, 0x03, 0xee, 0xab, 0x88, 0x83, 0x80, 0x2b, 0x80, 
    0xbd, 0xaa, 0xa3, 0x08, 0x67, 0xc0, 0xaa, 0x72, 0x27, 0xf0, 0x48, 0x32, 0x57, 
    0x57, 0x07, 0xd1, 0xec, 0x39, 0x03, 0xee, 0xaf, 0xf7, 0x63, 0xf9, 0x4a, 0x43, 
    0xb7, 0x17, 0xcd, 0xb9, 0x40, 0x3d, 0xe4, 0x0c, 0xb8, 0x8f, 0x9a, 0x1b, 0xaf, 
    0xbe, 0x07, 0x38, 0x15, 0xe9, 0x8a, 0x21, 0x8d, 0x23, 0x67, 0xc0, 0x5d, 0x93, 
    0xc0, 0x49, 0xde, 0x90, 0xd5, 0x3f, 0xce, 0x80, 0xfb, 0x26, 0x22, 0x80, 0x0f, 
    0x63, 0xf9, 0x4a, 0x6a, 0x04, 0xf0, 0xa1, 0xd1, 0xb9, 0x41, 0x3d, 0x62, 0x01, 
    0xf7, 0xcf, 0x8b, 0x80, 0x93, 0xaa, 0x43, 0x48, 0xea, 0x94, 0x93, 0x68, 0xce, 
    0x0d, 0xea, 0x11, 0x97, 0xa0, 0xfb, 0x24, 0x62, 0x37, 0xe0, 0x32, 0xe0, 0x88, 
    0xea, 0x28, 0xda, 0xc6, 0x90, 0xc6, 0x91, 0x13, 0xad, 0xae, 0xba, 0x06, 0x78, 
    0x14, 0x99, 0xf7, 0x56, 0x07, 0xd1, 0xcc, 0x38, 0x03, 0xee, 0x97, 0x57, 0x63, 
    0xf9, 0x4a, 0x9a, 0xda, 0x11, 0xc0, 0x6b, 0xaa, 0x43, 0x68, 0xe6, 0x9c, 0x01, 
    0xf7, 0x45, 0xc4, 0x52, 0xe0, 0xa7, 0x34, 0xaf, 0xa1, 0x53, 0xd7, 0x0c, 0x69, 
    0x1c, 0x39, 0x03, 0xee, 0xb2, 0x55, 0xc0, 0x51, 0x64, 0xae, 0xaf, 0x0e, 0xa2, 
    0x1d, 0x73, 0x06, 0xdc, 0x1f, 0xaf, 0xc7, 0xf2, 0x95, 0xb4, 0x7d, 0x87, 0x02, 
    0x6f, 0xa8, 0x0e, 0xa1, 0x99, 0x71, 0x06, 0xdc, 0x07, 0x11, 0x0f, 0x02, 0xae, 
    0x06, 0x0e, 0xaa, 0x8e, 0xa2, 0x69, 0x0c, 0x69, 0x1c, 0x39, 0x03, 0xee, 0xba, 
    0xd5, 0xc0, 0x91, 0x64, 0xde, 0x53, 0x1d, 0x44, 0xdb, 0xe7, 0x0c, 0xb8, 0x1f, 
    0xde, 0x8c, 0xe5, 0x2b, 0x69, 0x66, 0x0e, 0x02, 0x7e, 0xbb, 0x3a, 0x84, 0x76, 
    0xcc, 0x19, 0x70, 0xd7, 0x35, 0x7b, 0xfd, 0x5e, 0x0d, 0x1c, 0x58, 0x1d, 0x45, 
    0xdb, 0x31, 0xa4, 0x71, 0xe4, 0x0c, 0xb8, 0x0f, 0x6e, 0xa6, 0x99, 0x05, 0xaf, 
    0xad, 0x0e, 0xa2, 0xe9, 0x39, 0x03, 0xee, 0xbe, 0x37, 0x62, 0xf9, 0x4a, 0x9a, 
    0x9d, 0x03, 0x69, 0xce, 0x1d, 0xea, 0x30, 0x67, 0xc0, 0x5d, 0xd6, 0x3c, 0xf7, 
    0xfb, 0x1f, 0xc0, 0xc1, 0xd5, 0x51, 0xb4, 0x03, 0x43, 0x1a, 0x47, 0xce, 0x80, 
    0xfb, 0xe2, 0x46, 0x60, 0x99, 0xcf, 0x05, 0x77, 0x97, 0x33, 0xe0, 0x6e, 0x7b, 
    0x39, 0x96, 0xaf, 0xa4, 0xb9, 0x79, 0x18, 0xf0, 0x8a, 0xea, 0x10, 0x9a, 0x9e, 
    0x33, 0xe0, 0xae, 0x6a, 0xde, 0xeb, 0x7a, 0x31, 0x70, 0x4c, 0x75, 0x14, 0xcd, 
    0xc0, 0x90, 0xc6, 0x91, 0x33, 0xe0, 0x3e, 0xb9, 0x14, 0x38, 0x16, 0x4f, 0xf4, 
    0x9d, 0xe4, 0x0c, 0xb8, 0xbb, 0xfe, 0x3f, 0x2c, 0x5f, 0x49, 0xf3, 0x73, 0x0c, 
    0xcd, 0xb9, 0x44, 0x1d, 0x64, 0x01, 0x77, 0xd7, 0xdb, 0xab, 0x03, 0x48, 0x1a, 
    0x0b, 0x9e, 0x4b, 0x3a, 0xca, 0x25, 0xe8, 0x2e, 0x8a, 0x38, 0x86, 0x66, 0xf9, 
    0xd9, 0xb5, 0xbe, 0xbe, 0x18, 0xd2, 0x38, 0x72, 0x09, 0xba, 0x6f, 0x92, 0x66, 
    0x19, 0xfa, 0xd2, 0xea, 0x20, 0xda, 0x9a, 0x33, 0xe0, 0x6e, 0x7a, 0x3d, 0x96, 
    0xaf, 0xa4, 0x85, 0x11, 0xc0, 0x7f, 0xa9, 0x0e, 0xa1, 0x07, 0x72, 0x06, 0xdc, 
    0x35, 0x11, 0x4b, 0x80, 0xeb, 0x81, 0xfd, 0xab, 0xa3, 0x68, 0x16, 0x86, 0x34, 
    0x8e, 0x9c, 0x01, 0xf7, 0xd1, 0x1a, 0xe0, 0xe1, 0x64, 0xde, 0x55, 0x1d, 0x44, 
    0x5b, 0x38, 0x03, 0xee, 0x9e, 0x17, 0x60, 0xf9, 0x4a, 0x5a, 0x58, 0xfb, 0x00, 
    0x2f, 0xa9, 0x0e, 0xa1, 0xad, 0x59, 0xc0, 0xdd, 0xf3, 0xfa, 0xea, 0x00, 0x92, 
    0xc6, 0xd2, 0xeb, 0xaa, 0x03, 0x68, 0x6b, 0x2e, 0x41, 0x77, 0x49, 0xc4, 0x72, 
    0xe0, 0x4a, 0xbc, 0xfe, 0xdb, 0x3f, 0x43, 0x1a, 0x47, 0x2e, 0x41, 0xf7, 0xd9, 
    0xb1, 0x64, 0x5e, 0x52, 0x1d, 0x42, 0x0d, 0x67, 0xc0, 0xdd, 0xf2, 0x5a, 0x2c, 
    0x5f, 0x49, 0x8b, 0xe7, 0x55, 0xd5, 0x01, 0xb4, 0x85, 0x33, 0xe0, 0xae, 0x88, 
    0xd8, 0x19, 0x58, 0x85, 0xdb, 0x0e, 0xf6, 0xd3, 0x90, 0xc6, 0x91, 0x33, 0xe0, 
    0x3e, 0xbb, 0x09, 0x38, 0x84, 0xcc, 0xcd, 0xd5, 0x41, 0xe4, 0x0c, 0xb8, 0x4b, 
    0x4e, 0xc6, 0xf2, 0x95, 0xb4, 0xb8, 0x1e, 0x0a, 0x3c, 0xad, 0x3a, 0x84, 0x1a, 
    0x16, 0x70, 0x77, 0xfc, 0x66, 0x75, 0x00, 0x49, 0x83, 0xf0, 0xe2, 0xea, 0x00, 
    0x6a, 0xb8, 0x04, 0xdd, 0x05, 0x11, 0xbb, 0xd0, 0x6c, 0x1d, 0x76, 0x40, 0x75, 
    0x14, 0xcd, 0xd1, 0x90, 0xc6, 0x91, 0x4b, 0xd0, 0x7d, 0x77, 0x0b, 0x70, 0x30, 
    0x99, 0x1b, 0xab, 0x83, 0x0c, 0x9d, 0x33, 0xe0, 0x6e, 0x78, 0x06, 0x96, 0xaf, 
    0xa4, 0x76, 0x1c, 0x40, 0x73, 0xce, 0x51, 0x31, 0x0b, 0xb8, 0x1b, 0x5c, 0x12, 
    0x92, 0xd4, 0x26, 0x2f, 0x79, 0x75, 0x80, 0x4b, 0xd0, 0xd5, 0x22, 0x76, 0x03, 
    0x56, 0x03, 0xfb, 0x56, 0x47, 0xd1, 0x3c, 0x0c, 0x69, 0x1c, 0xb9, 0x04, 0x3d, 
    0x0e, 0x6e, 0x07, 0x0e, 0x22, 0xf3, 0xde, 0xea, 0x20, 0x43, 0xe6, 0x0c, 0xb8, 
    0xde, 0x33, 0xb1, 0x7c, 0x25, 0xb5, 0x6b, 0x5f, 0x9a, 0x73, 0x8f, 0x0a, 0x59, 
    0xc0, 0xf5, 0x7e, 0xa5, 0x3a, 0x80, 0xa4, 0x41, 0xf2, 0xdc, 0x53, 0xcc, 0x25, 
    0xe8, 0x6a, 0x11, 0x2b, 0x81, 0xc3, 0xaa, 0x63, 0x68, 0x9e, 0x86, 0x34, 0x8e, 
    0x5c, 0x82, 0x1e, 0x17, 0xd7, 0x92, 0x79, 0x78, 0x75, 0x88, 0x21, 0x73, 0x06, 
    0x5c, 0x29, 0xe2, 0x31, 0x58, 0xbe, 0x92, 0x6a, 0x1c, 0x36, 0x3a, 0x07, 0xa9, 
    0x88, 0x05, 0x5c, 0xeb, 0x97, 0xab, 0x03, 0x48, 0x1a, 0x34, 0xcf, 0x41, 0x85, 
    0x2c, 0xe0, 0x5a, 0xbf, 0x54, 0x1d, 0x40, 0xd2, 0xa0, 0x79, 0x0e, 0x2a, 0xe4, 
    0x35, 0xe0, 0x2a, 0x11, 0xbb, 0x03, 0xb7, 0x01, 0x4b, 0xab, 0xa3, 0x68, 0x01, 
    0x0c, 0x69, 0x1c, 0x79, 0x0d, 0x78, 0x9c, 0xac, 0x07, 0xf6, 0x23, 0x73, 0x5d, 
    0x75, 0x90, 0x21, 0x72, 0x06, 0x5c, 0xe7, 0xa9, 0x58, 0xbe, 0x92, 0x6a, 0x2d, 
    0x05, 0x7e, 0xbe, 0x3a, 0xc4, 0x50, 0x59, 0xc0, 0x75, 0x4e, 0xae, 0x0e, 0x20, 
    0x49, 0xc0, 0x2f, 0x54, 0x07, 0x18, 0x2a, 0x0b, 0xb8, 0x8e, 0x3f, 0xf4, 0x92, 
    0xba, 0xc0, 0xc9, 0x40, 0x11, 0xaf, 0x01, 0x57, 0x88, 0x58, 0x0a, 0xac, 0x01, 
    0x96, 0x14, 0x27, 0xd1, 0x42, 0x19, 0xd2, 0x38, 0xf2, 0x1a, 0xf0, 0xb8, 0xd9, 
    0x00, 0xec, 0xeb, 0x75, 0xe0, 0xf6, 0x39, 0x03, 0xae, 0x71, 0x3c, 0x96, 0xaf, 
    0xa4, 0x6e, 0x58, 0x02, 0x3c, 0xb9, 0x3a, 0xc4, 0x10, 0x59, 0xc0, 0x35, 0x8e, 
    0xaf, 0x0e, 0x20, 0x49, 0x93, 0x9c, 0x58, 0x1d, 0x60, 0x88, 0x2c, 0xe0, 0x1a, 
    0x27, 0x54, 0x07, 0x90, 0xa4, 0x49, 0x9c, 0x14, 0x14, 0xb0, 0x80, 0x6b, 0xf8, 
    0xdb, 0xa6, 0xa4, 0x2e, 0x71, 0x52, 0x50, 0xc0, 0x9b, 0xb0, 0xda, 0x16, 0xf1, 
    0x50, 0x9a, 0xfd, 0x7f, 0x35, 0x4e, 0x86, 0x34, 0x8e, 0xbc, 0x09, 0x6b, 0x5c, 
    0x1d, 0x44, 0xe6, 0x4d, 0xd5, 0x21, 0x86, 0xc4, 0x19, 0x70, 0xfb, 0x1e, 0x57, 
    0x1d, 0x40, 0x92, 0xa6, 0xf0, 0xf8, 0xea, 0x00, 0x43, 0x63, 0x01, 0xb7, 0xef, 
    0x89, 0xd5, 0x01, 0x24, 0x69, 0x0a, 0x4f, 0xa8, 0x0e, 0x30, 0x34, 0x16, 0x70, 
    0xfb, 0x1e, 0x5b, 0x1d, 0x40, 0x92, 0xa6, 0xf0, 0xb8, 0xea, 0x00, 0x43, 0x63, 
    0x01, 0xb7, 0xef, 0xd1, 0xd5, 0x01, 0x24, 0x69, 0x0a, 0xc7, 0x54, 0x07, 0x18, 
    0x1a, 0x6f, 0xc2, 0x6a, 0x53, 0xc4, 0xae, 0xc0, 0xdd, 0xc0, 0xae, 0xd5, 0x51, 
    0xb4, 0xc0, 0x86, 0x34, 0x8e, 0xbc, 0x09, 0x6b, 0x5c, 0x6d, 0x04, 0x1e, 0x4c, 
    0xe6, 0xc6, 0xea, 0x20, 0x43, 0xe1, 0x0c, 0xb8, 0x5d, 0x47, 0x61, 0xf9, 0x4a, 
    0xea, 0xa6, 0x5d, 0x69, 0xce, 0x51, 0x6a, 0x89, 0x05, 0xdc, 0xae, 0x47, 0x56, 
    0x07, 0x90, 0xa4, 0xed, 0xf0, 0x1c, 0xd5, 0x22, 0x0b, 0xb8, 0x5d, 0xcb, 0xab, 
    0x03, 0x48, 0xd2, 0x76, 0x78, 0x8e, 0x6a, 0x91, 0x05, 0xdc, 0xae, 0x23, 0xab, 
    0x03, 0x48, 0xd2, 0x76, 0x58, 0xc0, 0x2d, 0xb2, 0x80, 0xdb, 0xe5, 0x0f, 0xb7, 
    0xa4, 0x2e, 0xf3, 0x1c, 0xd5, 0x22, 0x0b, 0xb8, 0x5d, 0xcb, 0xaa, 0x03, 0x48, 
    0xd2, 0x76, 0x1c, 0x5e, 0x1d, 0x60, 0x48, 0x7c, 0x0c, 0xa9, 0x2d, 0x11, 0x01, 
    0xac, 0xc3, 0x7d, 0x80, 0xc7, 0xd3, 0x90, 0xc6, 0x91, 0x8f, 0x21, 0x8d, 0xb3, 
    0x0d, 0xc0, 0xee, 0x58, 0x0c, 0xad, 0x70, 0x06, 0xdc, 0x9e, 0x87, 0x62, 0xf9, 
    0x4a, 0xea, 0xb6, 0x25, 0xc0, 0x43, 0xaa, 0x43, 0x0c, 0x85, 0x05, 0xdc, 0x9e, 
    0x87, 0x57, 0x07, 0x90, 0xa4, 0x19, 0x38, 0xac, 0x3a, 0xc0, 0x50, 0x58, 0xc0, 
    0xed, 0x39, 0xa8, 0x3a, 0x80, 0x24, 0xcd, 0xc0, 0x43, 0xab, 0x03, 0x0c, 0x85, 
    0x05, 0xdc, 0x1e, 0x97, 0x75, 0x24, 0xf5, 0x81, 0x05, 0xdc, 0x12, 0x0b, 0xb8, 
    0x3d, 0xce, 0x80, 0x25, 0xf5, 0x81, 0xe7, 0xaa, 0x96, 0x58, 0xc0, 0xed, 0x39, 
    0xb0, 0x3a, 0x80, 0x24, 0xcd, 0x80, 0xe7, 0xaa, 0x96, 0x58, 0xc0, 0xed, 0xd9, 
    0xa7, 0x3a, 0x80, 0x24, 0xcd, 0xc0, 0x3e, 0xd5, 0x01, 0x86, 0xc2, 0x02, 0x6e, 
    0xcf, 0x3e, 0xd5, 0x01, 0x24, 0x69, 0x06, 0xf6, 0xa9, 0x0e, 0x30, 0x14, 0x16, 
    0x70, 0x7b, 0xf6, 0xa9, 0x0e, 0x20, 0x49, 0x33, 0xb0, 0x6f, 0x75, 0x80, 0xa1, 
    0xb0, 0x80, 0xdb, 0xb3, 0x4f, 0x75, 0x00, 0x49, 0x9a, 0x81, 0x7d, 0xaa, 0x03, 
    0x0c, 0x85, 0x05, 0xdc, 0x9e, 0xdd, 0xab, 0x03, 0x48, 0xd2, 0x0c, 0x2c, 0xad, 
    0x0e, 0x30, 0x14, 0x16, 0x70, 0x7b, 0xfc, 0xa1, 0x96, 0xd4, 0x07, 0x9e, 0xab, 
    0x5a, 0x62, 0x01, 0xb7, 0x67, 0xaf, 0xea, 0x00, 0x92, 0x34, 0x03, 0x7b, 0x56, 
    0x07, 0x18, 0x0a, 0x0b, 0xb8, 0x3d, 0x6e, 0x21, 0x23, 0xa9, 0x0f, 0xec, 0x85, 
    0x96, 0xf8, 0x3f, 0x74, 0x7b, 0x76, 0xa9, 0x0e, 0x20, 0x49, 0x33, 0xe0, 0xb9, 
    0xaa, 0x25, 0xee, 0x07, 0xdc, 0x96, 0x08, 0xff, 0x87, 0x1e, 0x67, 0x43, 0x1a, 
    0x47, 0xee, 0x07, 0x3c, 0xfe, 0x32, 0xfd, 0x8f, 0xdc, 0x02, 0x67, 0xc0, 0x92, 
    0x24, 0x15, 0xb0, 0x80, 0x25, 0x49, 0x2a, 0x60, 0x01, 0xb7, 0x67, 0x6d, 0x75, 
    0x00, 0x49, 0x52, 0x77, 0x58, 0xc0, 0xed, 0xb9, 0xaf, 0x3a, 0x80, 0x24, 0xcd, 
    0xc0, 0xdd, 0xd5, 0x01, 0x86, 0xc2, 0x02, 0x6e, 0xcf, 0xfa, 0xea, 0x00, 0x92, 
    0x34, 0x03, 0x9b, 0xaa, 0x03, 0x0c, 0x85, 0x05, 0xdc, 0x9e, 0x0d, 0xd5, 0x01, 
    0x24, 0x69, 0x06, 0x5c, 0xad, 0x6b, 0x89, 0x05, 0xdc, 0x9e, 0xcd, 0xd5, 0x01, 
    0x24, 0x69, 0x06, 0xbc, 0x5f, 0xa5, 0x25, 0x16, 0x70, 0x7b, 0xee, 0xaa, 0x0e, 
    0x20, 0x49, 0x33, 0xe0, 0xe5, 0xb2, 0x96, 0x58, 0xc0, 0xed, 0x71, 0x59, 0x47, 
    0x52, 0x1f, 0x58, 0xc0, 0x2d, 0xb1, 0x80, 0xdb, 0xb3, 0xa6, 0x3a, 0x80, 0x24, 
    0xcd, 0xc0, 0x9a, 0xea, 0x00, 0x43, 0x61, 0x01, 0xb7, 0x67, 0x4d, 0x75, 0x00, 
    0x49, 0x9a, 0x81, 0xdb, 0xab, 0x03, 0x0c, 0x85, 0x05, 0xdc, 0x9e, 0x35, 0xd5, 
    0x01, 0x24, 0x69, 0x06, 0xd6, 0x54, 0x07, 0x18, 0x0a, 0x0b, 0xb8, 0x3d, 0x6b, 
    0xaa, 0x03, 0x48, 0xd2, 0x0c, 0xac, 0xa9, 0x0e, 0x30, 0x14, 0x16, 0x70, 0x7b, 
    0x6e, 0xae, 0x0e, 0x20, 0x49, 0x33, 0xe0, 0xb9, 0xaa, 0x25, 0x16, 0x70, 0x7b, 
    0x56, 0x57, 0x07, 0x90, 0xa4, 0x19, 0xf0, 0x5c, 0xd5, 0x12, 0x0b, 0xb8, 0x3d, 
    0xfe, 0x56, 0x29, 0xa9, 0x0f, 0x6e, 0xaa, 0x0e, 0x30, 0x14, 0x16, 0x70, 0x7b, 
    0x6e, 0xac, 0x0e, 0x20, 0x49, 0x33, 0x60, 0x01, 0xb7, 0xc4, 0x02, 0x6e, 0xcf, 
    0x75, 0xd5, 0x01, 0x24, 0x69, 0x06, 0xae, 0xad, 0x0e, 0x30, 0x14, 0x91, 0x99, 
    0xd5, 0x19, 0x86, 0x21, 0x22, 0x80, 0x75, 0xc0, 0x92, 0xea, 0x28, 0x5a, 0x04, 
    0x43, 0x1a, 0x47, 0x11, 0xd5, 0x09, 0xb4, 0x78, 0xee, 0x05, 0x96, 0x62, 0x31, 
    0xb4, 0xc2, 0x19, 0x70, 0x5b, 0x9a, 0x1f, 0xe8, 0x55, 0xd5, 0x31, 0x24, 0x69, 
    0x3b, 0xae, 0xb3, 0x7c, 0xdb, 0x63, 0x01, 0xb7, 0x6b, 0x45, 0x75, 0x00, 0x49, 
    0xda, 0x8e, 0x95, 0xd5, 0x01, 0x86, 0xc4, 0x02, 0x6e, 0xd7, 0x55, 0xd5, 0x01, 
    0x24, 0x69, 0x3b, 0x3c, 0x47, 0xb5, 0xc8, 0x02, 0x6e, 0xd7, 0xd5, 0xd5, 0x01, 
    0x24, 0x69, 0x3b, 0x3c, 0x47, 0xb5, 0xc8, 0x02, 0x6e, 0x97, 0xbf, 0x5d, 0x4a, 
    0xea, 0x32, 0xcf, 0x51, 0x2d, 0xb2, 0x80, 0xdb, 0x75, 0x45, 0x75, 0x00, 0x49, 
    0xda, 0x8e, 0xcb, 0xab, 0x03, 0x0c, 0x89, 0x8f, 0x21, 0xb5, 0x29, 0x62, 0x57, 
    0xe0, 0x6e, 0x60, 0xd7, 0xea, 0x28, 0x5a, 0x60, 0x43, 0x1a, 0x47, 0x3e, 0x86, 
    0x34, 0xae, 0x36, 0x02, 0x0f, 0x26, 0x73, 0x63, 0x75, 0x90, 0xa1, 0x70, 0x06, 
    0xdc, 0xa6, 0xe6, 0x07, 0xfb, 0xca, 0xea, 0x18, 0x92, 0x34, 0x85, 0x2b, 0x2d, 
    0xdf, 0x76, 0x59, 0xc0, 0xed, 0xbb, 0xa4, 0x3a, 0x80, 0x24, 0x4d, 0xe1, 0xd2, 
    0xea, 0x00, 0x43, 0x63, 0x01, 0xb7, 0xef, 0xc2, 0xea, 0x00, 0x92, 0x34, 0x85, 
    0x0b, 0xaa, 0x03, 0x0c, 0x8d, 0x05, 0xdc, 0xbe, 0xf3, 0xab, 0x03, 0x48, 0xd2, 
    0x14, 0xfe, 0xbd, 0x3a, 0xc0, 0xd0, 0x58, 0xc0, 0xed, 0xf3, 0x87, 0x5c, 0x52, 
    0x17, 0x39, 0x39, 0x68, 0x99, 0x05, 0xdc, 0xb6, 0xcc, 0x9b, 0xf0, 0x9d, 0xd0, 
    0x92, 0xba, 0x65, 0xd5, 0xe8, 0xdc, 0xa4, 0x16, 0x59, 0xc0, 0x35, 0xbe, 0x5f, 
    0x1d, 0x40, 0x92, 0x26, 0xf9, 0x41, 0x75, 0x80, 0x21, 0xb2, 0x80, 0x6b, 0xf8, 
    0xc3, 0x2e, 0xa9, 0x4b, 0xce, 0xab, 0x0e, 0x30, 0x44, 0x16, 0x70, 0x0d, 0x7f, 
    0xd8, 0x25, 0x75, 0x89, 0xab, 0x72, 0x05, 0x7c, 0x13, 0x56, 0x85, 0x88, 0xa5, 
    0xc0, 0x1a, 0x60, 0x49, 0x71, 0x12, 0x2d, 0x94, 0x21, 0x8d, 0x23, 0xdf, 0x84, 
    0x35, 0x6e, 0x36, 0x00, 0xfb, 0x92, 0xb9, 0xae, 0x3a, 0xc8, 0xd0, 0x38, 0x03, 
    0xae, 0x90, 0xb9, 0x1e, 0xf8, 0x61, 0x75, 0x0c, 0x49, 0x02, 0x7e, 0x68, 0xf9, 
    0xd6, 0xb0, 0x80, 0xeb, 0x7c, 0xa7, 0x3a, 0x80, 0x24, 0x01, 0xff, 0xb7, 0x3a, 
    0xc0, 0x50, 0x59, 0xc0, 0x75, 0xfc, 0xa1, 0x97, 0xd4, 0x05, 0x9e, 0x8b, 0x8a, 
    0x78, 0x0d, 0xb8, 0x4a, 0xc4, 0xee, 0xc0, 0x6d, 0xc0, 0xd2, 0xea, 0x28, 0x5a, 
    0x00, 0x43, 0x1a, 0x47, 0x5e, 0x03, 0x1e, 0x27, 0xeb, 0x81, 0xfd, 0x5c, 0x82, 
    0xae, 0xe1, 0x0c, 0xb8, 0x4a, 0xf3, 0x03, 0x7f, 0x4e, 0x75, 0x0c, 0x49, 0x83, 
    0x76, 0x8e, 0xe5, 0x5b, 0xc7, 0x02, 0xae, 0xf5, 0x8d, 0xea, 0x00, 0x92, 0x06, 
    0xcd, 0x73, 0x50, 0x21, 0x0b, 0xb8, 0xd6, 0xd7, 0xaa, 0x03, 0x48, 0x1a, 0x34, 
    0xcf, 0x41, 0x85, 0xbc, 0x06, 0x5c, 0x2d, 0x62, 0x25, 0x70, 0x58, 0x75, 0x0c, 
    0xcd, 0xd3, 0x90, 0xc6, 0x91, 0xd7, 0x80, 0xc7, 0xc5, 0xb5, 0x64, 0x1e, 0x5e, 
    0x1d, 0x62, 0xc8, 0x9c, 0x01, 0xd7, 0xfb, 0xe7, 0xea, 0x00, 0x92, 0x06, 0xc9, 
    0x73, 0x4f, 0x31, 0x0b, 0xb8, 0xde, 0x57, 0xaa, 0x03, 0x48, 0x1a, 0x24, 0xcf, 
    0x3d, 0xc5, 0x5c, 0x82, 0xae, 0x16, 0xb1, 0x1b, 0xb0, 0x1a, 0xd8, 0xb7, 0x3a, 
    0x8a, 0xe6, 0x61, 0x48, 0xe3, 0xc8, 0x25, 0xe8, 0x71, 0x70, 0x3b, 0x70, 0x10, 
    0x99, 0xf7, 0x56, 0x07, 0x19, 0x32, 0x67, 0xc0, 0xd5, 0x9a, 0x01, 0xf0, 0x8f, 
    0xd5, 0x31, 0x24, 0x0d, 0xca, 0x99, 0x96, 0x6f, 0x3d, 0x0b, 0xb8, 0x1b, 0xfe, 
    0xae, 0x3a, 0x80, 0xa4, 0x41, 0xf1, 0x9c, 0xd3, 0x01, 0x2e, 0x41, 0x77, 0x41, 
    0xc4, 0x2e, 0xc0, 0x8d, 0xc0, 0x01, 0xd5, 0x51, 0x34, 0x47, 0x43, 0x1a, 0x47, 
    0x2e, 0x41, 0xf7, 0xdd, 0x2d, 0xc0, 0xc1, 0x64, 0x6e, 0xac, 0x0e, 0x32, 0x74, 
    0xce, 0x80, 0xbb, 0x20, 0x73, 0x13, 0x70, 0x46, 0x75, 0x0c, 0x49, 0x83, 0xf0, 
    0x8f, 0x96, 0x6f, 0x37, 0x58, 0xc0, 0xdd, 0xf1, 0xf7, 0xd5, 0x01, 0x24, 0x0d, 
    0xc2, 0x17, 0xab, 0x03, 0xa8, 0xe1, 0x12, 0x74, 0x57, 0x44, 0xec, 0x0c, 0xac, 
    0x02, 0x0e, 0xaa, 0x8e, 0xa2, 0x39, 0x18, 0xd2, 0x38, 0x72, 0x09, 0xba, 0xcf, 
    0x7e, 0x46, 0xb3, 0xfc, 0xbc, 0xb9, 0x3a, 0x88, 0x9c, 0x01, 0x77, 0x47, 0x33, 
    0x20, 0x4e, 0xab, 0x8e, 0x21, 0x69, 0xac, 0x9d, 0x6e, 0xf9, 0x76, 0x87, 0x33, 
    0xe0, 0x2e, 0x89, 0x58, 0x0e, 0x5c, 0x09, 0x38, 0xc5, 0xe8, 0x9b, 0x21, 0x8d, 
    0x23, 0x67, 0xc0, 0x7d, 0x76, 0x2c, 0x99, 0x97, 0x54, 0x87, 0x50, 0xc3, 0x19, 
    0x70, 0x97, 0x64, 0x5e, 0x05, 0x9c, 0x5d, 0x1d, 0x43, 0xd2, 0x58, 0xfa, 0x81, 
    0xe5, 0xdb, 0x2d, 0x16, 0x70, 0xf7, 0x7c, 0xba, 0x3a, 0x80, 0xa4, 0xb1, 0xe4, 
    0xb9, 0xa5, 0x63, 0x5c, 0x82, 0xee, 0x9a, 0x88, 0x25, 0xc0, 0xf5, 0xc0, 0xfe, 
    0xd5, 0x51, 0x34, 0x0b, 0x43, 0x1a, 0x47, 0x2e, 0x41, 0xf7, 0xd1, 0x1d, 0xc0, 
    0xa1, 0x64, 0xde, 0x55, 0x1d, 0x44, 0x5b, 0x38, 0x03, 0xee, 0x9a, 0xcc, 0x0d, 
    0xc0, 0xe9, 0xd5, 0x31, 0x24, 0x8d, 0x95, 0xd3, 0x2d, 0xdf, 0xee, 0x71, 0x06, 
    0xdc, 0x45, 0x11, 0xc7, 0x00, 0x17, 0xe3, 0xcd, 0x58, 0xfd, 0x31, 0xa4, 0x71, 
    0xe4, 0x0c, 0xb8, 0x6f, 0x92, 0xe6, 0xe6, 0xab, 0x4b, 0xab, 0x83, 0x68, 0x6b, 
    0xce, 0x80, 0xbb, 0xa8, 0x19, 0x28, 0xff, 0x5a, 0x1d, 0x43, 0xd2, 0x58, 0xf8, 
    0x57, 0xcb, 0xb7, 0x9b, 0x2c, 0xe0, 0xee, 0xfa, 0x48, 0x75, 0x00, 0x49, 0x63, 
    0xc1, 0x73, 0x49, 0x47, 0xb9, 0x04, 0xdd, 0x55, 0x11, 0x01, 0x5c, 0x02, 0x3c, 
    0xaa, 0x3a, 0x8a, 0x66, 0x60, 0x48, 0xe3, 0xc8, 0x25, 0xe8, 0x3e, 0xb9, 0x02, 
    0x78, 0x14, 0x9e, 0xe8, 0x3b, 0xc9, 0x19, 0x70, 0x57, 0x35, 0x03, 0xe6, 0xc3, 
    0xd5, 0x31, 0x24, 0xf5, 0xda, 0x87, 0x2c, 0xdf, 0xee, 0x72, 0x06, 0xdc, 0x65, 
    0x11, 0xbb, 0x01, 0x2b, 0x80, 0x87, 0x15, 0x27, 0xd1, 0x8e, 0x0c, 0x69, 0x1c, 
    0x39, 0x03, 0xee, 0x8b, 0x1b, 0x81, 0x65, 0x64, 0xde, 0x5b, 0x1d, 0x44, 0x53, 
    0x73, 0x06, 0xdc, 0x65, 0xcd, 0xc0, 0x71, 0x16, 0x2c, 0x69, 0x2e, 0x3e, 0x62, 
    0xf9, 0x76, 0x9b, 0x33, 0xe0, 0xae, 0x8b, 0xd8, 0x13, 0xb8, 0x06, 0x38, 0xa0, 
    0x3a, 0x8a, 0xb6, 0x63, 0x48, 0xe3, 0xc8, 0x19, 0x70, 0x1f, 0xdc, 0x02, 0x1c, 
    0x41, 0xe6, 0xda, 0xea, 0x20, 0x9a, 0x9e, 0x33, 0xe0, 0xae, 0x6b, 0x06, 0xd0, 
    0x07, 0xaa, 0x63, 0x48, 0xea, 0x95, 0x0f, 0x5a, 0xbe, 0xdd, 0xe7, 0x0c, 0xb8, 
    0x0f, 0x22, 0x1e, 0x44, 0x33, 0x0b, 0x7e, 0x68, 0x75, 0x14, 0x4d, 0x63, 0x48, 
    0xe3, 0xc8, 0x19, 0x70, 0xd7, 0xdd, 0x44, 0x33, 0xfb, 0xbd, 0xa7, 0x3a, 0x88, 
    0xb6, 0xcf, 0x19, 0x70, 0x1f, 0x34, 0x03, 0xe9, 0x4f, 0xaa, 0x63, 0x48, 0xea, 
    0x85, 0x3f, 0xb5, 0x7c, 0xfb, 0xc1, 0x19, 0x70, 0x5f, 0x44, 0x2c, 0x05, 0xae, 
    0x02, 0x0e, 0xa9, 0x8e, 0xa2, 0x29, 0x0c, 0x69, 0x1c, 0x39, 0x03, 0xee, 0xb2, 
    0xeb, 0x81, 0xe5, 0x64, 0xae, 0xaf, 0x0e, 0xa2, 0x1d, 0x73, 0x06, 0xdc, 0x17, 
    0xcd, 0x80, 0x7a, 0x5f, 0x75, 0x0c, 0x49, 0x9d, 0xf6, 0x3e, 0xcb, 0xb7, 0x3f, 
    0x9c, 0x01, 0xf7, 0x49, 0xf3, 0x5c, 0xf0, 0x65, 0xc0, 0x11, 0xd5, 0x51, 0xb4, 
    0x8d, 0x21, 0x8d, 0x23, 0x67, 0xc0, 0x5d, 0x75, 0x0d, 0xcd, 0x5b, 0xaf, 0x7c, 
    0xf4, 0xa8, 0x27, 0x9c, 0x01, 0xf7, 0x49, 0x33, 0xb0, 0xde, 0x55, 0x1d, 0x43, 
    0x52, 0x27, 0xbd, 0xdb, 0xf2, 0xed, 0x17, 0x67, 0xc0, 0x7d, 0xd3, 0xbc, 0x23, 
    0xfa, 0x1c, 0xe0, 0xa4, 0xea, 0x28, 0x9a, 0x64, 0x48, 0xe3, 0xc8, 0x19, 0x70, 
    0x17, 0x7d, 0x0f, 0x78, 0x8a, 0xaf, 0x9d, 0xec, 0x17, 0x67, 0xc0, 0x7d, 0xd3, 
    0x0c, 0xb0, 0xdf, 0xa3, 0xd9, 0xe3, 0x53, 0x92, 0x12, 0x78, 0x87, 0xe5, 0xdb, 
    0x3f, 0x16, 0x70, 0x1f, 0x65, 0x9e, 0x07, 0xfc, 0x75, 0x75, 0x0c, 0x49, 0x9d, 
    0x70, 0x3a, 0x99, 0xdf, 0xab, 0x0e, 0xa1, 0xd9, 0x73, 0x09, 0xba, 0xaf, 0x22, 
    0x0e, 0xa2, 0xd9, 0x6a, 0x6c, 0xaf, 0xea, 0x28, 0xc2, 0x25, 0x68, 0x55, 0xb9, 
    0x13, 0x78, 0x24, 0x99, 0xab, 0xab, 0x83, 0x68, 0xf6, 0x9c, 0x01, 0xf7, 0x55, 
    0x33, 0xe0, 0xde, 0x5b, 0x1d, 0x43, 0x52, 0xa9, 0xf7, 0x5a, 0xbe, 0xfd, 0xe5, 
    0x0c, 0xb8, 0xcf, 0x22, 0x76, 0x01, 0x7e, 0x04, 0x1c, 0x57, 0x1d, 0x65, 0xf0, 
    0x86, 0x34, 0x8e, 0x9c, 0x01, 0x77, 0xc5, 0x45, 0xc0, 0x93, 0xc8, 0xdc, 0x58, 
    0x1d, 0x44, 0x73, 0xe3, 0x0c, 0xb8, 0xcf, 0x32, 0x37, 0x01, 0x6f, 0x02, 0xee, 
    0xab, 0x8e, 0x22, 0xa9, 0x55, 0xf7, 0x01, 0x6f, 0xb2, 0x7c, 0xfb, 0xcd, 0x02, 
    0xee, 0xbb, 0xcc, 0xef, 0x03, 0x9f, 0xa8, 0x8e, 0x21, 0xa9, 0x55, 0x9f, 0xf4, 
    0xc6, 0xab, 0xfe, 0x73, 0x09, 0x7a, 0x1c, 0x34, 0x7b, 0x06, 0x5f, 0x0a, 0x1c, 
    0x5a, 0x1d, 0x65, 0xb0, 0x86, 0x34, 0x8e, 0x5c, 0x82, 0xae, 0xb6, 0x0a, 0x38, 
    0x96, 0xcc, 0x3b, 0xaa, 0x83, 0x68, 0x7e, 0x9c, 0x01, 0x8f, 0x83, 0x66, 0xdf, 
    0xcf, 0x37, 0x54, 0xc7, 0x90, 0xd4, 0x8a, 0x37, 0x58, 0xbe, 0xe3, 0xc1, 0x02, 
    0x1e, 0x17, 0x99, 0x5f, 0x03, 0x4e, 0xad, 0x8e, 0x21, 0x69, 0x51, 0x9d, 0x3a, 
    0x1a, 0xeb, 0x1a, 0x03, 0x2e, 0x41, 0x8f, 0x93, 0x88, 0xbd, 0x81, 0x0b, 0x80, 
    0x65, 0xb5, 0x41, 0x06, 0x68, 0x48, 0xe3, 0xc8, 0x25, 0xe8, 0x2a, 0x2b, 0x80, 
    0xc7, 0x93, 0xb9, 0xa6, 0x38, 0x87, 0x16, 0x88, 0x33, 0xe0, 0x71, 0xd2, 0x2c, 
    0x4b, 0xbd, 0x1c, 0xd8, 0x5c, 0x1d, 0x45, 0xd2, 0x82, 0xda, 0x0c, 0xbc, 0xdc, 
    0xf2, 0x1d, 0x2f, 0x16, 0xf0, 0xb8, 0xc9, 0x3c, 0x07, 0xf8, 0xe3, 0xea, 0x18, 
    0x92, 0x16, 0xd4, 0x9f, 0x8e, 0xc6, 0xb6, 0xc6, 0x88, 0x4b, 0xd0, 0xe3, 0xa8, 
    0x79, 0x41, 0xc7, 0x39, 0xc0, 0x09, 0xd5, 0x51, 0x06, 0x63, 0x48, 0xe3, 0xc8, 
    0x25, 0xe8, 0xb6, 0x9d, 0x07, 0x3c, 0x75, 0xf4, 0xdc, 0xbf, 0xc6, 0x88, 0x05, 
    0x3c, 0xae, 0x22, 0x8e, 0xa0, 0xb9, 0x1e, 0xbc, 0x67, 0x71, 0x92, 0x61, 0x18, 
    0xd2, 0x38, 0xb2, 0x80, 0xdb, 0xb4, 0x16, 0x78, 0x02, 0x99, 0x57, 0x55, 0x07, 
    0xd1, 0xc2, 0x73, 0x09, 0x7a, 0x5c, 0x65, 0x5e, 0x03, 0xfc, 0x4e, 0x75, 0x0c, 
    0x49, 0xf3, 0xf2, 0xbb, 0x96, 0xef, 0xf8, 0xb2, 0x80, 0xc7, 0x59, 0xe6, 0x5f, 
    0x03, 0x9f, 0xa9, 0x8e, 0x21, 0x69, 0x4e, 0x3e, 0x4b, 0xe6, 0x69, 0xd5, 0x21, 
    0xb4, 0x78, 0x5c, 0x82, 0x1e, 0x77, 0x11, 0x4b, 0x68, 0xae, 0x07, 0x3f, 0xa9, 
    0x3a, 0xca, 0x58, 0x1b, 0xd2, 0x38, 0x72, 0x09, 0xba, 0x0d, 0x3f, 0xa2, 0xb9, 
    0xee, 0xbb, 0xa1, 0x3a, 0x88, 0x16, 0x8f, 0x05, 0x3c, 0x04, 0x11, 0x0f, 0x07, 
    0x7e, 0x0c, 0x1c, 0x58, 0x1d, 0x65, 0x6c, 0x0d, 0x69, 0x1c, 0x59, 0xc0, 0x8b, 
    0xed, 0x66, 0x9a, 0x5d, 0x8e, 0xae, 0xad, 0x0e, 0xa2, 0xc5, 0xe5, 0x12, 0xf4, 
    0x10, 0x64, 0x5e, 0x07, 0xbc, 0x14, 0x9f, 0x0f, 0x96, 0xba, 0x6e, 0x33, 0xf0, 
    0x32, 0xcb, 0x77, 0x18, 0x2c, 0xe0, 0xa1, 0xc8, 0xfc, 0x16, 0xf0, 0xee, 0xea, 
    0x18, 0x92, 0xb6, 0xeb, 0xdd, 0x64, 0x7e, 0xa3, 0x3a, 0x84, 0xda, 0xe1, 0x12, 
    0xf4, 0x90, 0x44, 0x04, 0xf0, 0x45, 0xe0, 0x37, 0xaa, 0xa3, 0x8c, 0x9d, 0x21, 
    0x8d, 0x23, 0x97, 0xa0, 0x17, 0xcb, 0x97, 0x80, 0xdf, 0xc4, 0x93, 0xf2, 0x60, 
    0x58, 0xc0, 0x43, 0x13, 0xf1, 0x20, 0xe0, 0xdb, 0xf8, 0x92, 0x8e, 0x85, 0x35, 
    0xa4, 0x71, 0x64, 0x01, 0x2f, 0x86, 0xf3, 0x80, 0x67, 0x90, 0x79, 0x4f, 0x75, 
    0x10, 0xb5, 0xc7, 0x02, 0x1e, 0xa2, 0x88, 0x83, 0x69, 0x06, 0xbc, 0xfb, 0x07, 
    0x2f, 0x94, 0x21, 0x8d, 0x23, 0x0b, 0x78, 0xa1, 0xad, 0x02, 0x4e, 0x20, 0xf3, 
    0x86, 0xea, 0x20, 0x6a, 0x97, 0xd7, 0x80, 0x87, 0xa8, 0x19, 0xe8, 0xcf, 0x01, 
    0xdc, 0x53, 0x54, 0xaa, 0x75, 0x07, 0xf0, 0x1c, 0xcb, 0x77, 0x98, 0x2c, 0xe0, 
    0xa1, 0xca, 0xfc, 0x09, 0xf0, 0x02, 0xe0, 0xde, 0xea, 0x28, 0xd2, 0x40, 0xdd, 
    0x0b, 0xbc, 0x60, 0x34, 0x16, 0x35, 0x40, 0x16, 0xf0, 0x90, 0x65, 0x7e, 0x1b, 
    0x78, 0x0d, 0x30, 0xa0, 0xf5, 0x53, 0xa9, 0x13, 0x12, 0x78, 0xcd, 0x68, 0x0c, 
    0x6a, 0xa0, 0x2c, 0xe0, 0xa1, 0xcb, 0xfc, 0x1c, 0xf0, 0xf6, 0xea, 0x18, 0xd2, 
    0xc0, 0xfc, 0xde, 0x68, 0xec, 0x69, 0xc0, 0x2c, 0x60, 0x41, 0xe6, 0xc7, 0x80, 
    0xf7, 0x56, 0xc7, 0x90, 0x06, 0xe2, 0x8f, 0xc8, 0xfc, 0x68, 0x75, 0x08, 0xd5, 
    0xf3, 0x2e, 0x68, 0x6d, 0x11, 0xf1, 0x31, 0xe0, 0x2d, 0xd5, 0x31, 0x7a, 0x69, 
    0x48, 0xe3, 0xc8, 0xbb, 0xa0, 0xe7, 0xe3, 0xe3, 0x64, 0xbe, 0xb5, 0x3a, 0x84, 
    0xba, 0xc1, 0x02, 0xd6, 0x16, 0xcd, 0x8b, 0x3a, 0xfe, 0x37, 0xf0, 0xc6, 0xea, 
    0x28, 0xbd, 0x33, 0xa4, 0x71, 0x64, 0x01, 0xcf, 0xd5, 0x27, 0x81, 0x37, 0xf9, 
    0xa2, 0x0d, 0x4d, 0xb0, 0x80, 0xb5, 0xb5, 0xa6, 0x84, 0x3f, 0x4d, 0x73, 0x73, 
    0x96, 0x66, 0x6a, 0x48, 0xe3, 0xc8, 0x02, 0x9e, 0x8b, 0xcf, 0x02, 0xaf, 0xb3, 
    0x7c, 0x35, 0x99, 0xd7, 0x80, 0xb5, 0xb5, 0xe6, 0x04, 0xf1, 0x06, 0x9a, 0xdf, 
    0xd6, 0x25, 0xcd, 0xdf, 0xa7, 0x80, 0x37, 0x58, 0xbe, 0xda, 0x96, 0x05, 0xac, 
    0x07, 0xca, 0xdc, 0x0c, 0xbc, 0x09, 0xf8, 0x68, 0x71, 0x12, 0xa9, 0xef, 0x3e, 
    0x0a, 0xbc, 0x71, 0x34, 0xa6, 0xa4, 0xad, 0x58, 0xc0, 0x9a, 0x5a, 0x66, 0x92, 
    0xf9, 0x76, 0xe0, 0x8f, 0xab, 0xa3, 0x48, 0x3d, 0xf5, 0xc7, 0x64, 0xbe, 0xdd, 
    0x99, 0xaf, 0xa6, 0xe3, 0x35, 0x60, 0xed, 0x58, 0xc4, 0x1f, 0x00, 0xef, 0xaf, 
    0x8e, 0xd1, 0x69, 0x43, 0x1a, 0x47, 0x5e, 0x03, 0x9e, 0x89, 0x77, 0x91, 0xe9, 
    0x98, 0xd1, 0x76, 0x59, 0xc0, 0x9a, 0x99, 0x88, 0xdf, 0x06, 0xfe, 0x1c, 0xf0, 
    0xec, 0x3b, 0x95, 0x21, 0x8d, 0x23, 0x0b, 0x78, 0x7b, 0x12, 0xf8, 0x5d, 0x32, 
    0x4f, 0xa9, 0x0e, 0xa2, 0xee, 0xb3, 0x80, 0x35, 0x73, 0x11, 0x2f, 0x05, 0xfe, 
    0x0a, 0x58, 0x52, 0x1d, 0xa5, 0x73, 0x86, 0x34, 0x8e, 0x2c, 0xe0, 0xe9, 0x6c, 
    0x00, 0x5e, 0x4d, 0xe6, 0x17, 0xaa, 0x83, 0xa8, 0x1f, 0x2c, 0x60, 0xcd, 0x4e, 
    0xc4, 0x53, 0x81, 0x7f, 0x02, 0xf6, 0xab, 0x8e, 0x22, 0x75, 0xc8, 0x6d, 0xc0, 
    0xaf, 0x93, 0xf9, 0xdd, 0xea, 0x20, 0xea, 0x0f, 0x0b, 0x58, 0xb3, 0x17, 0x71, 
    0x14, 0xf0, 0x35, 0xe0, 0xc8, 0xea, 0x28, 0x52, 0x07, 0x5c, 0x4d, 0xb3, 0xa5, 
    0xe0, 0x95, 0xd5, 0x41, 0xd4, 0x2f, 0xde, 0x05, 0xad, 0xd9, 0xcb, 0xfc, 0x29, 
    0x70, 0x22, 0xf0, 0xbd, 0xea, 0x28, 0x52, 0xb1, 0xef, 0x01, 0x27, 0x5a, 0xbe, 
    0x9a, 0x0b, 0x0b, 0x58, 0x73, 0x93, 0x79, 0x0b, 0xf0, 0x0c, 0xe0, 0xef, 0xab, 
    0xa3, 0x48, 0x45, 0xfe, 0x1e, 0x78, 0xc6, 0x68, 0x2c, 0x48, 0xb3, 0x66, 0x01, 
    0x6b, 0xee, 0x32, 0xd7, 0x03, 0x2f, 0x06, 0xde, 0x09, 0xf8, 0xa2, 0x01, 0x0d, 
    0xc5, 0x66, 0xe0, 0x5d, 0xc0, 0x8b, 0x47, 0x63, 0x40, 0x9a, 0x13, 0xaf, 0x01, 
    0x6b, 0x61, 0x44, 0x3c, 0x13, 0xf8, 0x02, 0x70, 0x60, 0x75, 0x14, 0x69, 0x11, 
    0xdd, 0x02, 0xbc, 0x94, 0xcc, 0x6f, 0x56, 0x07, 0x51, 0xff, 0x59, 0xc0, 0x5a, 
    0x38, 0x11, 0x87, 0x01, 0x5f, 0x02, 0x9e, 0x5c, 0x1d, 0x45, 0x5a, 0x04, 0x3f, 
    0x02, 0x5e, 0x48, 0xe6, 0xb5, 0xd5, 0x41, 0x34, 0x1e, 0x5c, 0x82, 0xd6, 0xc2, 
    0x69, 0x4e, 0x4c, 0xbf, 0x00, 0x7c, 0xa6, 0x3a, 0x8a, 0xb4, 0xc0, 0x3e, 0x03, 
    0xfc, 0xbc, 0xe5, 0xab, 0x85, 0xe4, 0x0c, 0x58, 0x8b, 0x23, 0xe2, 0x95, 0x34, 
    0x6f, 0xce, 0xda, 0xb3, 0x3a, 0x8a, 0x34, 0x0f, 0x6b, 0x81, 0xb7, 0x90, 0x79, 
    0x6a, 0x75, 0x10, 0x8d, 0x1f, 0x0b, 0x58, 0x8b, 0x27, 0xe2, 0x48, 0xe0, 0x73, 
    0xc0, 0x09, 0xd5, 0x51, 0xa4, 0x39, 0xf8, 0x01, 0xf0, 0x32, 0x32, 0xaf, 0xaa, 
    0x0e, 0xa2, 0xf1, 0xe4, 0x12, 0xb4, 0x16, 0x4f, 0xe6, 0xd5, 0xc0, 0x53, 0x81, 
    0xf7, 0xe1, 0x5d, 0xd2, 0xea, 0x8f, 0xcd, 0x34, 0x3f, 0xb3, 0x4f, 0xb1, 0x7c, 
    0xb5, 0x98, 0x9c, 0x01, 0xab, 0x1d, 0x11, 0x4f, 0xa1, 0x99, 0x0d, 0x1f, 0x5e, 
    0x1d, 0x45, 0xda, 0x8e, 0x95, 0xc0, 0x7f, 0x26, 0xf3, 0x9c, 0xea, 0x20, 0x1a, 
    0x7f, 0xce, 0x80, 0xd5, 0x8e, 0xcc, 0x7f, 0x03, 0x8e, 0xa3, 0xd9, 0xcc, 0xc1, 
    0xdf, 0xfa, 0xd4, 0x35, 0x09, 0x9c, 0x0a, 0x1c, 0x67, 0xf9, 0xaa, 0x2d, 0xce, 
    0x80, 0xd5, 0xbe, 0xe6, 0x99, 0xe1, 0x4f, 0x02, 0x47, 0x54, 0x47, 0x91, 0x80, 
    0x6b, 0x80, 0x37, 0xfa, 0x6c, 0xaf, 0xda, 0xe6, 0x0c, 0x58, 0xed, 0xcb, 0xfc, 
    0x16, 0x70, 0x2c, 0xf0, 0xbf, 0x80, 0x4d, 0xc5, 0x69, 0x34, 0x5c, 0x9b, 0x68, 
    0x7e, 0x06, 0x8f, 0xb5, 0x7c, 0x55, 0xc1, 0x19, 0xb0, 0x6a, 0x45, 0x3c, 0x01, 
    0xf8, 0x34, 0xf0, 0xf8, 0xea, 0x28, 0x1a, 0x94, 0x7f, 0x07, 0x5e, 0x47, 0xe6, 
    0xf9, 0xd5, 0x41, 0x34, 0x5c, 0xce, 0x80, 0x55, 0xab, 0x39, 0x01, 0x1e, 0x0f, 
    0xbc, 0x83, 0xe6, 0x99, 0x4b, 0x69, 0x31, 0xad, 0xa5, 0xf9, 0x59, 0x3b, 0xde, 
    0xf2, 0x55, 0x35, 0x67, 0xc0, 0xea, 0x8e, 0x88, 0x87, 0x01, 0x7f, 0x06, 0xfc, 
    0x67, 0x20, 0x8a, 0xd3, 0x68, 0xbc, 0x24, 0xf0, 0x37, 0xc0, 0x1f, 0x90, 0x79, 
    0x63, 0x75, 0x18, 0x09, 0x2c, 0x60, 0x75, 0x51, 0xc4, 0x89, 0xc0, 0x47, 0x68, 
    0xf6, 0x1c, 0x96, 0xe6, 0xeb, 0xfb, 0xc0, 0xdb, 0xc9, 0xfc, 0x7e, 0x75, 0x10, 
    0x69, 0x32, 0x97, 0xa0, 0xd5, 0x3d, 0xcd, 0x89, 0xf2, 0x24, 0xe0, 0xb7, 0x80, 
    0xab, 0x8b, 0xd3, 0xa8, 0xbf, 0xae, 0xa1, 0xf9, 0x19, 0x3a, 0xc9, 0xf2, 0x55, 
    0x17, 0x39, 0x03, 0x56, 0xb7, 0x45, 0xec, 0x06, 0xbc, 0x16, 0x78, 0x37, 0x70, 
    0x68, 0x71, 0x1a, 0xf5, 0xc3, 0x2a, 0xe0, 0x4f, 0x80, 0xcf, 0x90, 0x79, 0x6f, 
    0x75, 0x18, 0x69, 0x3a, 0x16, 0xb0, 0xfa, 0x21, 0x62, 0x29, 0xf0, 0x06, 0x9a, 
    0x8d, 0xd0, 0x0f, 0x2a, 0x4e, 0xa3, 0x6e, 0x5a, 0x0d, 0xbc, 0x1f, 0xf8, 0x4b, 
    0x32, 0xd7, 0x57, 0x87, 0x91, 0x76, 0xc4, 0x02, 0x56, 0xbf, 0x44, 0x3c, 0x08, 
    0x78, 0x33, 0xf0, 0x07, 0xc0, 0x01, 0xc5, 0x69, 0xd4, 0x0d, 0xb7, 0x00, 0x1f, 
    0x00, 0x4e, 0x21, 0xf3, 0x9e, 0xea, 0x30, 0xd2, 0x4c, 0x59, 0xc0, 0xea, 0xa7, 
    0x88, 0x3d, 0x80, 0x37, 0x01, 0x6f, 0x01, 0x1e, 0x5e, 0x9c, 0x46, 0x35, 0xae, 
    0x03, 0x3e, 0x0e, 0x7c, 0x82, 0xcc, 0xbb, 0xaa, 0xc3, 0x48, 0xb3, 0x65, 0x01, 
    0xab, 0xdf, 0x22, 0x76, 0x05, 0x7e, 0x13, 0x78, 0x3b, 0xf0, 0xc4, 0xe2, 0x34, 
    0x6a, 0xc7, 0xbf, 0x03, 0x1f, 0x06, 0xfe, 0x8e, 0xcc, 0x8d, 0xd5, 0x61, 0xa4, 
    0xb9, 0xb2, 0x80, 0x35, 0x3e, 0x22, 0x9e, 0x4e, 0xf3, 0x92, 0x85, 0xe7, 0xe0, 
    0x73, 0xc4, 0xe3, 0x26, 0x81, 0xaf, 0x02, 0x1f, 0x22, 0xf3, 0xac, 0xea, 0x30, 
    0xd2, 0x42, 0xb0, 0x80, 0x35, 0x7e, 0x22, 0x1e, 0x45, 0x73, 0xc3, 0xd6, 0x2b, 
    0x80, 0xfd, 0x8a, 0xd3, 0x68, 0x7e, 0x6e, 0x03, 0x4e, 0xa7, 0xb9, 0xb1, 0xea, 
    0xb2, 0xea, 0x30, 0xd2, 0x42, 0xb2, 0x80, 0x35, 0xbe, 0x22, 0x96, 0x00, 0x2f, 
    0x04, 0x5e, 0x07, 0x3c, 0x0d, 0x67, 0xc5, 0x7d, 0x91, 0xc0, 0xd9, 0x34, 0xef, 
    0x08, 0x3f, 0x83, 0xcc, 0x0d, 0xb5, 0x71, 0xa4, 0xc5, 0x61, 0x01, 0x6b, 0x18, 
    0x22, 0x96, 0xd3, 0x14, 0xf1, 0x2b, 0xf1, 0x31, 0xa6, 0xae, 0x5a, 0x0d, 0x9c, 
    0x06, 0x7c, 0x9a, 0xcc, 0xab, 0xaa, 0xc3, 0x48, 0x8b, 0xcd, 0x02, 0xd6, 0xb0, 
    0x44, 0xec, 0x0c, 0xfc, 0x22, 0xf0, 0x52, 0xe0, 0xf9, 0xc0, 0x5e, 0xb5, 0x81, 
    0x06, 0xef, 0x4e, 0xe0, 0x4c, 0xe0, 0xf3, 0xc0, 0x37, 0xc9, 0xdc, 0x5c, 0x1b, 
    0x47, 0x6a, 0x8f, 0x05, 0xac, 0xe1, 0x8a, 0xd8, 0x1d, 0x78, 0x16, 0xcd, 0x32, 
    0xf5, 0xf3, 0x80, 0x7d, 0x4a, 0xf3, 0x0c, 0xc7, 0x1a, 0xe0, 0xff, 0x00, 0x67, 
    0x00, 0xff, 0x42, 0xe6, 0xba, 0xda, 0x38, 0x52, 0x0d, 0x0b, 0x58, 0x82, 0x89, 
    0x57, 0x5e, 0x3e, 0x03, 0x78, 0x2e, 0xf0, 0x6c, 0x60, 0x79, 0x6d, 0xa0, 0xb1, 
    0x73, 0x15, 0xf0, 0x75, 0xe0, 0x9f, 0x81, 0x6f, 0xfb, 0x8a, 0x48, 0xc9, 0x02, 
    0x96, 0xa6, 0xd6, 0x5c, 0x33, 0x7e, 0x36, 0xf0, 0xcb, 0x34, 0x37, 0x70, 0x3d, 
    0xa8, 0x34, 0x4f, 0xff, 0xdc, 0x43, 0x73, 0x23, 0xd5, 0xd7, 0x80, 0xaf, 0x7b, 
    0x4d, 0x57, 0x7a, 0x20, 0x0b, 0x58, 0xda, 0x91, 0xe6, 0x3d, 0xd4, 0x3f, 0x0f, 
    0x3c, 0x95, 0x66, 0x97, 0xa6, 0x13, 0x81, 0x3d, 0x4a, 0x33, 0x75, 0xcf, 0x5a, 
    0xe0, 0x3c, 0xe0, 0x5c, 0xe0, 0x1c, 0xe0, 0xbb, 0xbe, 0x8f, 0x59, 0xda, 0x3e, 
    0x0b, 0x58, 0x9a, 0xad, 0x88, 0x5d, 0x80, 0xe3, 0x68, 0xca, 0xf8, 0x24, 0x9a, 
    0x72, 0x3e, 0xa4, 0x34, 0x53, 0xfb, 0xae, 0x07, 0xbe, 0x4b, 0x53, 0xb8, 0xe7, 
    0x02, 0x17, 0x92, 0xb9, 0xa9, 0x36, 0x92, 0xd4, 0x2f, 0x16, 0xb0, 0xb4, 0x10, 
    0x22, 0x0e, 0x04, 0x1e, 0x3b, 0xfa, 0x1c, 0x3b, 0xfa, 0xfa, 0x68, 0x60, 0xf7, 
    0xca, 0x58, 0x0b, 0x60, 0x1d, 0x70, 0x09, 0x70, 0x11, 0x70, 0xf1, 0xe8, 0xeb, 
    0x45, 0x64, 0xde, 0x5c, 0x9a, 0x4a, 0x1a, 0x03, 0x16, 0xb0, 0xb4, 0x58, 0x9a, 
    0x47, 0x9e, 0x96, 0x03, 0xc7, 0x00, 0xcb, 0x46, 0x9f, 0x9f, 0x9b, 0xf4, 0xb5, 
    0x2b, 0xcb, 0xd8, 0x77, 0xd3, 0x6c, 0x5e, 0xbf, 0x02, 0xf8, 0x8f, 0xd1, 0xd7, 
    0x15, 0xc0, 0xa5, 0xc0, 0x55, 0x3e, 0x1a, 0x24, 0x2d, 0x0e, 0x0b, 0x58, 0xaa, 
    0xd2, 0xcc, 0x9a, 0x0f, 0x07, 0x1e, 0x42, 0xb3, 0xb5, 0xe2, 0xfe, 0x93, 0x3e, 
    0x07, 0x8e, 0xbe, 0xee, 0x09, 0x3c, 0x18, 0xd8, 0x6d, 0xf4, 0x6f, 0xed, 0x3b, 
    0xfa, 0xba, 0x84, 0x2d, 0x37, 0x86, 0xdd, 0x03, 0x4c, 0xbc, 0x2d, 0xea, 0xf6, 
    0xd1, 0xd7, 0x7b, 0x69, 0x8a, 0x75, 0x2d, 0x70, 0x2b, 0x70, 0xf3, 0xe8, 0xeb, 
    0xc4, 0xe7, 0x16, 0xe0, 0x67, 0xc0, 0x4a, 0x67, 0xb3, 0x52, 0x0d, 0x0b, 0x58, 
    0x92, 0xa4, 0x02, 0x3b, 0x55, 0x07, 0x90, 0x24, 0x69, 0x88, 0x2c, 0x60, 0x49, 
    0x92, 0x0a, 0x58, 0xc0, 0x92, 0x24, 0x15, 0xb0, 0x80, 0x25, 0x49, 0x2a, 0x60, 
    0x01, 0x4b, 0x92, 0x54, 0xc0, 0x02, 0x96, 0x24, 0xa9, 0x80, 0x05, 0x2c, 0x49, 
    0x52, 0x01, 0x0b, 0x58, 0x92, 0xa4, 0x02, 0x16, 0xb0, 0x24, 0x49, 0x05, 0x2c, 
    0x60, 0x49, 0x92, 0x0a, 0x58, 0xc0, 0x92, 0x24, 0x15, 0xb0, 0x80, 0x25, 0x49, 
    0x2a, 0x60, 0x01, 0x4b, 0x92, 0x54, 0xc0, 0x02, 0x96, 0x24, 0xa9, 0x80, 0x05, 
    0x2c, 0x49, 0x52, 0x01, 0x0b, 0x58, 0x92, 0xa4, 0x02, 0x16, 0xb0, 0x24, 0x49, 
    0x05, 0x2c, 0x60, 0x49, 0x92, 0x0a, 0x58, 0xc0, 0x92, 0x24, 0x15, 0xb0, 0x80, 
    0x25, 0x49, 0x2a, 0x60, 0x01, 0x4b, 0x92, 0x54, 0xc0, 0x02, 0x96, 0x24, 0xa9, 
    0x80, 0x05, 0x2c, 0x49, 0x52, 0x01, 0x0b, 0x58, 0x92, 0xa4, 0x02, 0x16, 0xb0, 
    0x24, 0x49, 0x05, 0x2c, 0x60, 0x49, 0x92, 0x0a, 0x58, 0xc0, 0x92, 0x24, 0x15, 
    0xb0, 0x80, 0x25, 0x49, 0x2a, 0x60, 0x01, 0x4b, 0x92, 0x54, 0xc0, 0x02, 0x96, 
    0x24, 0xa9, 0x80, 0x05, 0x2c, 0x49, 0x52, 0x01, 0x0b, 0x58, 0x92, 0xa4, 0x02, 
    0x16, 0xb0, 0x24, 0x49, 0x05, 0x2c, 0x60, 0x49, 0x92, 0x0a, 0x58, 0xc0, 0x92, 
    0x24, 0x15, 0xb0, 0x80, 0x25, 0x49, 0x2a, 0x60, 0x01, 0x4b, 0x92, 0x54, 0xc0, 
    0x02, 0x96, 0x24, 0xa9, 0x80, 0x05, 0x2c, 0x49, 0x52, 0x01, 0x0b, 0x58, 0x92, 
    0xa4, 0x02, 0x16, 0xb0, 0x24, 0x49, 0x05, 0x2c, 0x60, 0x49, 0x92, 0x0a, 0x58, 
    0xc0, 0x92, 0x24, 0x15, 0xb0, 0x80, 0x25, 0x49, 0x2a, 0x60, 0x01, 0x4b, 0x92, 
    0x54, 0xc0, 0x02, 0x96, 0x24, 0xa9, 0x80, 0x05, 0x2c, 0x49, 0x52, 0x01, 0x0b, 
    0x58, 0x92, 0xa4, 0x02, 0x16, 0xb0, 0x24, 0x49, 0x05, 0x2c, 0x60, 0x49, 0x92, 
    0x0a, 0x58, 0xc0, 0x92, 0x24, 0x15, 0xb0, 0x80, 0x25, 0x49, 0x2a, 0x60, 0x01, 
    0x4b, 0x92, 0x54, 0xc0, 0x02, 0x96, 0x24, 0xa9, 0x80, 0x05, 0x2c, 0x49, 0x52, 
    0x01, 0x0b, 0x58, 0x92, 0xa4, 0x02, 0x16, 0xb0, 0x24, 0x49, 0x05, 0x2c, 0x60, 
    0x49, 0x92, 0x0a, 0x58, 0xc0, 0x92, 0x24, 0x15, 0xb0, 0x80, 0x25, 0x49, 0x2a, 
    0x60, 0x01, 0x4b, 0x92, 0x54, 0xc0, 0x02, 0x96, 0x24, 0xa9, 0x80, 0x05, 0x2c, 
    0x49, 0x52, 0x01, 0x0b, 0x58, 0x92, 0xa4, 0x02, 0xff, 0x0f, 0x47, 0x2b, 0xb8, 
    0xd0, 0xd8, 0x61, 0x58, 0x3e, 0x00, 0x00, 0x00, 0x00, 0x49, 0x45, 0x4e, 0x44, 
    0xae, 0x42, 0x60, 0x82
};

const lv_img_dsc_t messageFireEvacuationHorEn = {
  .header.cf = LV_IMG_CF_RAW_ALPHA,
  .header.always_zero = 0,
  .header.reserved = 0,
  .header.w = 480,
  .header.h = 800,
  .data_size = 17034,
  .data = messageFireEvacuationHorEn_map,
};
